,0,1,2,3,4,5,6,7,8,9,10
0,287.0706,287.47086,285.07755,287.31094,286.82812,286.6744,286.83594,287.66537,286.20007,287.64737,286.65024
1,287.00793,287.47226,285.0634,287.16312,286.70032,286.60867,286.44193,287.554,286.06552,287.41556,286.6166
2,287.0309,287.39124,285.1996,286.8888,286.70645,286.61945,286.35623,287.53296,286.0686,287.23138,286.7602
3,287.0869,287.4061,285.4286,286.69434,286.67926,286.794,286.2559,287.64432,285.97678,287.2443,286.87314
4,286.94925,287.48453,285.24344,286.5793,286.64255,286.89764,286.63446,287.81036,285.98907,287.53824,286.70795
5,286.9248,287.49887,285.22302,286.5457,286.68512,286.69473,287.12512,287.85126,286.06738,287.67734,286.81564
6,286.97064,287.49588,285.18723,286.4881,286.73685,286.5437,286.8611,288.06125,286.02893,287.2412,286.78705
7,287.044,287.38696,285.14166,286.4439,286.70505,286.56534,286.91,288.01694,285.90524,287.17877,286.77536
8,287.05872,287.35266,285.20856,286.36786,286.71774,286.6276,286.87793,287.79657,286.04407,287.25183,286.75244
9,287.31223,287.4208,285.15384,286.33658,286.62347,286.84735,286.62265,287.8541,285.991,287.47333,286.82526
10,287.08704,287.3547,285.13748,286.226,286.67557,287.0187,286.89728,287.70212,285.9665,287.71115,286.88928
11,286.9412,287.27686,285.10852,286.0747,286.74957,286.62457,286.8931,287.4522,285.94165,287.69708,286.98065
12,286.8608,287.46988,285.12012,286.03598,286.9166,286.2723,286.6621,287.68283,286.05252,287.7956,286.93298
13,286.97385,287.50537,285.1858,286.09775,286.93225,286.3283,286.89856,287.60223,285.94705,287.74786,286.96356
14,287.06992,287.4688,285.27673,286.07425,286.86234,286.6286,286.9877,287.82086,286.07925,287.55518,287.02844
15,287.34055,287.46497,285.1199,286.04086,286.71936,286.8546,286.71863,287.81308,286.2039,287.1714,287.0299
16,287.29755,287.52704,285.08493,286.04816,286.73743,286.56793,286.63025,287.8464,286.15213,287.10938,286.91187
17,286.98,287.45102,285.08713,286.15466,286.7228,286.45157,286.98608,288.0142,285.95285,287.22247,286.82986
18,286.72418,287.3715,285.1185,286.12503,286.7565,286.59265,286.9994,287.74893,285.93784,287.48053,286.8013
19,286.7274,287.44476,285.21692,286.10602,286.64474,286.73978,286.7194,287.80563,286.0693,287.7147,286.82745
20,286.7254,287.42896,285.26108,286.07684,286.69055,286.8542,286.6301,287.4588,285.92593,287.86395,286.77652
21,286.7904,287.40887,285.31342,286.0618,286.73627,286.57928,286.56467,287.84857,285.90054,287.70468,286.8793
22,286.87192,287.41107,285.25916,286.0076,286.64075,286.51514,286.4609,287.65424,285.97684,287.469,286.82684
23,286.8951,287.3868,285.12445,286.03314,286.71637,286.4854,286.57617,287.565,285.9276,287.46597,286.93378
24,286.92337,287.4359,285.05637,286.13437,286.65857,286.51477,286.66446,287.50198,285.88376,287.85083,287.019
25,286.94528,287.386,285.10397,286.05783,286.73056,286.71237,286.8459,287.38,286.08832,287.65927,286.8612
26,286.8522,287.49203,285.03036,286.2326,286.65555,286.68854,286.70035,287.22586,285.9708,287.49588,286.84457
27,286.90887,287.5585,285.14124,286.05466,286.9095,286.65836,286.494,287.3294,285.9916,287.60266,286.8313
28,286.94366,287.44104,285.0844,286.20795,286.9025,286.74594,286.67212,287.72626,286.13788,287.7668,286.71213
29,286.9475,287.39343,284.8784,286.05103,287.01575,286.95963,286.85696,287.68335,286.07416,287.44788,286.64484
30,286.91953,287.42105,285.0011,286.3048,286.87457,286.82443,286.44238,287.6714,286.04404,287.28137,286.498
31,286.9766,287.5084,285.16257,286.27377,286.90436,286.58386,286.42194,287.69855,286.1516,287.46753,286.58844
32,287.0248,287.5069,285.08795,286.2562,286.90652,286.6398,286.27713,287.665,286.04498,287.4976,286.7218
33,287.11493,287.4122,285.09824,286.28845,286.77383,286.8591,286.40088,287.4781,286.04083,287.42117,286.90424
34,286.96988,287.57922,285.22577,286.2593,286.6017,286.86688,286.7359,287.622,285.97632,287.48163,286.7708
35,286.94766,287.49783,285.14215,286.17084,286.69858,286.7185,286.59457,287.59897,285.8782,287.33334,286.7333
36,286.92325,287.34598,285.27582,286.12762,286.7453,286.5834,286.5984,287.74887,285.88263,287.30154,286.92133
37,286.94928,287.39114,285.22012,286.3464,286.89688,286.67728,286.66843,287.94598,285.7651,287.27512,286.9237
38,287.098,287.49106,285.10324,286.3699,286.9094,286.7804,286.90158,287.72324,285.87842,287.184,286.91235
39,287.17804,287.46695,285.1138,286.29742,286.65848,286.83316,286.8882,287.37283,285.66013,287.40695,286.7253
40,287.1145,287.38766,285.1148,286.27927,286.69223,286.7998,286.59445,287.53384,285.83136,287.51883,286.87347
41,287.07907,287.3577,285.0342,286.37088,286.83084,286.87128,286.3441,287.80515,285.9338,287.54565,287.00375
42,286.85275,287.38483,284.94733,286.33334,286.7493,286.93512,286.80432,287.83746,285.87988,287.53745,286.95523
43,286.786,287.4463,285.21677,286.11954,286.72488,286.7547,286.6136,287.88025,285.76642,287.66412,286.8612
44,286.89935,287.43924,285.22162,286.2118,286.763,286.63666,286.78775,287.57718,285.85037,287.46127,286.82727
45,286.8786,287.3428,285.09555,286.27655,286.66766,286.68503,286.98196,287.82092,285.79846,287.31216,286.9761
46,286.92398,287.3483,285.2215,286.33945,286.83612,286.6896,286.76163,287.9645,285.79382,287.2912,287.05637
47,286.89185,287.32956,285.1583,286.0634,286.77982,286.84637,286.5865,288.05804,285.76172,287.56845,286.96933
48,286.9004,287.4296,285.09265,286.1343,286.94427,287.00452,286.51672,287.9264,285.75363,287.5871,287.0427
49,286.95953,287.442,285.28107,286.05725,286.81686,286.7854,286.93585,287.84134,285.74066,287.63947,287.0
50,286.94955,287.3518,285.46872,286.17902,286.77716,286.70233,287.11716,287.71863,285.8521,287.75543,286.88043
51,287.00934,287.47986,285.32224,286.11893,286.67017,286.69412,286.41287,287.58096,285.78122,287.52206,286.83975
52,286.9138,287.35318,285.10498,286.09152,286.7509,286.6508,286.5011,287.7973,285.87708,287.3771,286.95065
53,286.9879,287.3283,285.173,286.22302,286.87103,286.72812,286.83536,287.588,285.80438,287.41583,286.93387
54,286.9109,287.41742,285.1564,286.19446,286.94836,286.7415,286.79626,287.53394,285.80414,287.57236,287.03317
55,286.82,287.38995,285.14908,286.23688,286.8563,286.73715,286.60388,287.30524,285.82098,287.61862,286.8218
56,286.67084,287.33322,285.254,286.22516,286.9093,286.66882,286.90182,287.42703,285.76526,287.63995,286.64792
57,286.7842,287.3938,285.3075,286.2715,286.8218,286.5125,287.0067,287.51694,285.97455,287.65918,286.78876
58,287.07983,287.33087,285.26758,286.42508,286.91376,286.70844,286.6204,287.40915,285.9809,287.40726,286.72275
59,286.9163,287.31824,285.1201,286.25574,286.82248,287.03113,286.7171,287.28946,285.76193,287.31912,286.64175
60,286.76135,287.39774,285.0646,286.38852,286.89786,286.79364,286.90878,287.74698,285.81677,287.56155,286.7461
61,286.85706,287.29547,285.15628,286.26813,286.84976,286.53366,286.91916,287.56827,285.85764,287.61447,287.08167
62,286.83743,287.4008,285.14432,286.26093,286.75665,286.50217,286.45984,287.27017,285.67184,287.70203,287.08203
63,286.77686,287.40118,285.0656,286.20413,286.69284,286.80292,286.6268,287.37515,285.8238,287.541,286.9769
64,286.9293,287.36014,284.97897,286.2811,286.73657,286.9052,286.49277,287.36337,285.99127,287.52576,286.66022
65,286.80173,287.43283,285.09494,286.17996,286.87375,286.6865,286.6163,287.5287,285.927,287.4318,286.75653
66,286.82413,287.36844,285.02396,286.26056,286.92825,286.57047,286.86343,287.58133,285.8539,287.56003,286.8626
67,287.0491,287.42636,284.98422,286.1904,286.84485,286.56497,286.76828,287.3411,285.92377,287.62238,286.692
68,287.08502,287.42468,285.13733,286.249,286.77066,286.66788,286.45767,287.3222,285.80325,287.3802,286.89923
69,286.7858,287.38367,285.1986,286.33182,286.7291,286.89447,286.5286,287.44803,285.8842,287.42108,286.99722
70,286.78528,287.5384,285.17554,286.21402,286.57724,286.90424,286.515,287.38757,285.97354,287.43018,286.9745
71,286.87952,287.4964,285.22046,286.40616,286.8251,286.88898,286.82172,287.68518,285.66666,287.15994,286.9991
72,286.89948,287.45334,285.23367,286.2479,286.65933,286.56653,286.98608,288.10083,285.70444,287.30508,286.90186
73,287.09225,287.40564,285.25983,286.09372,286.79007,286.50543,286.7819,287.95746,285.92667,287.59613,286.8729
74,287.1761,287.44717,285.23138,286.23257,286.83026,286.53717,286.63925,287.90353,285.7982,287.511,286.87585
75,287.08636,287.38263,285.23532,286.09253,286.83533,286.77136,286.3813,287.65842,285.83282,287.44873,286.87283
76,286.7831,287.36105,285.1979,286.14648,286.88522,286.9135,286.2087,287.70776,285.81445,287.2346,287.10803
77,286.76944,287.37976,285.04236,286.21173,286.82758,286.62668,286.70282,287.62952,285.89398,287.16492,287.03506
78,286.8006,287.33517,285.07938,286.13953,286.78403,286.58286,287.16104,287.7363,285.7748,287.41092,287.04636
79,286.85117,287.28152,285.0296,286.2567,286.8053,286.6532,286.69772,288.25345,285.91013,287.46597,286.89157
80,287.038,287.29657,285.11374,286.19717,286.7872,286.6687,286.4014,288.38632,285.8484,287.204,286.92743
81,286.93442,287.38046,285.18848,286.2258,286.76578,286.59964,286.51172,288.04947,285.96338,287.3238,286.75345
82,286.89362,287.37024,285.42737,286.35007,286.66605,286.72964,286.93185,287.84457,285.87225,287.58502,286.80475
83,286.96982,287.43872,285.317,286.42227,286.62103,286.8601,286.76688,287.84085,285.89383,287.6562,286.8631
84,286.99985,287.4508,285.23886,286.30197,286.60822,286.66458,286.56506,287.82266,285.88025,287.49368,286.82852
85,286.99167,287.48,285.16943,286.1371,286.69885,286.5714,286.55966,287.7726,285.81714,287.35898,287.03537
86,287.00388,287.47137,285.0973,286.25397,286.79034,286.6865,286.95892,287.69336,285.8692,287.47876,286.9962
87,286.9391,287.52136,285.09012,286.29843,286.91968,286.78937,286.8986,287.54816,285.84396,287.4131,286.80072
88,286.8311,287.52124,285.30994,286.2183,286.92426,286.68942,286.77765,287.88586,286.02902,287.41895,286.80258
89,286.7432,287.51312,285.4111,286.18436,286.89117,286.68808,286.39957,287.99625,285.79355,287.48752,286.81082
90,286.98145,287.38733,285.17996,286.1916,286.88278,286.7532,286.36484,287.63803,285.759,287.54453,286.7351
91,286.92072,287.38885,285.19412,286.32486,286.93314,286.66434,286.71063,287.58524,285.91592,287.52176,286.78253
92,286.84988,287.4713,285.3816,286.13666,286.77173,286.5707,286.90186,287.4739,285.72037,287.58716,287.00662
93,286.87253,287.3401,285.0151,286.06418,286.84235,286.42108,286.38617,287.34482,285.83585,287.64417,286.93704
94,286.98184,287.40536,285.03024,286.14514,286.77933,286.64017,286.64627,287.40594,285.96408,287.53693,286.78482
95,287.1872,287.53476,285.14633,286.1311,286.8422,287.00037,286.57993,287.48755,285.9721,287.43317,286.78506
96,287.25113,287.50122,285.15543,286.29648,286.84583,286.9912,286.49164,287.4698,285.86624,287.42438,286.87305
97,286.9432,287.50812,285.10562,286.3383,286.91452,286.7234,286.6382,287.29132,285.8535,287.41388,286.8652
98,286.882,287.488,285.2617,286.2206,286.94543,286.66418,286.97903,287.47665,285.8498,287.56,286.76962
99,286.8912,287.42365,285.20633,286.20355,286.8275,286.79214,286.76407,287.67166,286.05768,287.6501,286.81992
100,286.87723,287.4371,285.18616,286.13834,286.93323,286.87363,,287.62,285.7862,287.5794,286.86813
101,286.90347,287.41278,285.29636,286.2875,286.83026,286.72308,,287.7574,285.97864,287.5801,286.82437
102,286.89053,287.49567,285.06747,286.1923,286.85544,286.6718,,287.68454,286.03168,287.4729,286.9523
103,286.911,287.54352,285.0915,286.20496,286.78763,286.86996,,287.87463,285.91837,287.4281,286.99426
104,286.744,287.43747,285.1199,286.41318,286.9069,286.9344,,287.74777,285.84714,287.3915,286.94238
105,286.75403,287.49203,285.09644,286.40253,286.77597,286.77734,,287.75116,285.95322,287.38742,286.81036
106,286.93527,287.54373,285.03302,286.2691,286.7612,286.853,,287.88937,286.1034,287.54138,286.81006
107,286.901,287.4992,285.07858,286.24753,286.79456,286.75824,,287.8468,285.98996,287.39105,286.86356
108,286.85855,287.31668,285.2162,286.3143,286.7025,286.77197,,287.716,286.11496,287.35464,286.75745
109,286.88248,287.46722,285.1817,286.2242,286.73477,286.9018,,287.6177,286.07626,287.4202,286.89682
110,286.88428,287.36197,284.98862,286.1036,286.75684,286.82877,,287.57684,286.0176,287.4329,286.90393
111,287.09106,287.35928,284.984,286.16733,286.58148,286.66263,,287.62466,286.06693,287.40656,286.84937
112,287.22797,287.40854,285.11713,286.24814,286.7081,286.57605,,287.7038,286.14844,287.59756,286.9471
113,287.1292,287.27158,285.1631,286.14392,286.70193,286.731,,287.5886,286.15762,287.85806,286.9349
114,286.97458,287.3158,285.15942,286.08136,286.56744,286.88126,,287.55737,286.05414,287.72833,286.91415
115,286.74677,287.43076,285.04822,286.14688,286.52835,286.89496,,287.38354,286.06085,287.55344,287.0506
116,286.69223,287.3726,285.0013,286.19263,286.56882,286.56125,,287.4988,286.07736,287.4967,287.07596
117,286.67993,287.42657,285.07346,286.20117,286.6116,286.61542,,287.5634,286.03882,287.5458,286.93182
118,286.96085,287.40735,285.06522,286.22974,286.5771,287.01663,,287.37454,285.9433,287.5456,286.92444
119,287.0395,287.31174,284.92743,286.24756,286.72595,287.11945,,287.33603,286.01562,287.5074,286.9248
120,286.9816,287.26776,285.0792,286.12967,286.6494,286.733,,287.33755,286.0535,287.62897,287.06003
121,286.89905,287.32632,285.16925,286.10287,286.55194,286.56583,,287.2725,286.1532,287.5846,287.09927
122,286.8697,287.34323,285.29172,286.21982,286.61807,286.8233,,287.54514,286.0416,287.41537,286.96335
123,286.9076,287.37723,285.37277,286.1176,286.68744,286.94965,,287.55627,286.12024,287.28696,286.83273
124,287.04044,287.4167,285.19,286.15823,286.6032,286.83017,,287.6672,286.20535,287.2479,286.75488
125,287.00568,287.47592,284.98343,286.1463,286.5249,286.5962,,287.5875,286.21088,287.32086,286.88904
126,286.7752,287.32022,285.06125,286.19736,286.632,286.8794,,287.62747,286.33646,287.46283,286.8651
127,286.8472,287.3052,285.18246,285.9966,286.5714,286.96472,,287.6847,286.0426,287.55585,286.7254
128,287.0001,287.42624,285.2843,285.9705,286.48398,286.50714,,287.46954,286.0605,287.60983,286.72928
129,286.9144,287.5574,285.33948,286.06494,286.54578,286.4655,,287.4088,286.04453,287.63837,286.87244
130,287.091,287.44333,285.1366,286.03433,286.59082,286.6413,,287.52975,286.09503,287.56256,286.95248
131,287.05157,287.45407,285.1366,286.0248,286.7786,286.80478,,287.7007,286.04993,287.65155,286.98648
132,286.86923,287.6074,285.37936,286.14914,286.73257,287.00693,,287.57785,286.15845,287.60422,286.95627
133,286.99066,287.58823,285.2772,286.05728,286.60315,286.91193,,287.53796,286.34512,287.57144,286.93304
134,287.08423,287.5045,285.26276,286.09637,286.55524,286.59988,,287.5203,286.10883,287.49008,286.87625
135,286.9494,287.48663,285.06677,286.14566,286.62363,286.54367,,287.8099,286.18298,287.41956,286.9015
136,286.70258,287.57196,285.27026,286.231,286.69012,286.7975,,287.6441,286.04535,287.37228,286.937
137,286.72064,287.49457,285.28232,286.11664,286.87695,286.81226,,287.62573,286.16345,287.49698,286.72705
138,286.8085,287.55695,285.3093,286.05328,286.72467,286.69513,,287.68246,286.26147,287.6195,286.8003
139,286.9334,287.53534,285.15417,286.1696,286.76056,286.80466,,287.81876,286.18643,287.44864,286.77106
140,287.12164,287.56232,285.10086,286.1438,286.75323,287.04343,,287.56866,286.05103,287.4413,286.7886
141,286.94843,287.56534,285.14725,286.23892,286.9876,286.76083,,287.6845,286.05954,287.38293,286.89935
142,286.97003,287.50543,285.05954,286.0942,286.9106,286.56775,,287.74854,286.1628,287.45688,286.9239
143,287.175,287.55948,285.27518,286.14258,286.79794,286.6385,,287.57526,286.2386,287.62823,286.88126
144,286.8839,287.67188,285.23206,286.18576,286.82388,286.75836,,287.65115,286.2428,287.5595,286.87506
145,286.73627,287.53064,285.28836,286.15356,286.87766,286.8993,,287.70755,286.09314,287.42163,286.84613
146,286.8717,287.41382,285.31128,286.1386,286.92838,287.09558,,287.5131,286.0438,287.62695,286.871
147,287.0053,287.49127,285.27377,286.0676,286.80637,286.79507,,287.5843,286.0388,287.7356,286.93475
148,286.94022,287.4996,285.13876,286.12698,286.87823,286.54474,,287.49414,286.2099,287.50156,287.03998
149,286.99844,287.42297,285.15402,286.17096,286.83633,286.52673,,287.46902,286.15817,287.30917,287.01532
150,286.8612,287.4618,285.0899,286.18106,286.7955,286.7052,,287.49292,286.14346,287.17126,287.0407
151,286.85352,287.50333,284.9904,286.2146,286.78995,286.9366,,287.54855,285.96237,287.2148,286.829
152,286.8924,287.4488,285.09207,286.23175,286.82858,286.8401,,287.51227,286.17722,287.3442,286.69113
153,286.89423,287.4459,285.06403,286.2246,286.7677,286.6525,,287.67026,285.99445,287.58823,286.78687
154,286.97333,287.40643,285.0784,286.08813,286.7397,286.70288,,287.5038,285.85666,287.53674,286.84598
155,286.97974,287.4753,285.1419,285.9937,286.74915,286.71637,,287.32986,286.0828,287.5585,286.77338
156,287.19504,287.50195,285.33426,286.09033,286.75058,286.65216,,287.43857,286.01,287.5776,286.71692
157,287.26575,287.4362,285.33792,286.11038,286.64246,286.66974,,287.68958,286.04868,287.4378,286.86612
158,286.8964,287.49408,285.21375,286.1044,286.65845,286.86493,,287.53375,286.06924,287.24765,286.81174
159,286.82343,287.53366,285.30487,286.04395,286.67697,286.9046,,287.5955,286.10312,287.43317,286.79013
160,287.0239,287.38293,285.2883,286.16132,286.70752,286.69623,,287.47455,285.95493,287.74298,286.80133
161,286.90164,287.5062,285.15375,286.0281,286.72302,286.6683,,287.36722,286.19174,287.86258,286.75284
162,287.02585,287.56808,285.03088,286.30655,286.89,286.709,,287.603,286.06808,287.66547,286.87976
163,287.04874,287.51138,285.1717,286.14694,286.7301,286.77325,,287.62033,286.00446,287.4589,287.01495
164,287.10046,287.4832,285.1738,286.1692,286.88992,286.7927,,287.69843,286.12674,287.3783,286.9033
165,287.24243,287.42395,285.26196,286.26215,286.86588,286.90662,,287.65695,286.00745,287.30573,286.77628
166,287.28424,287.5022,285.22214,286.1426,286.8128,286.91843,,287.74512,286.0506,287.45844,286.9462
167,286.91104,287.48087,285.27844,286.15686,286.6831,286.87897,,287.82077,285.84244,287.54755,287.1624
168,286.9085,287.53607,285.2106,286.2467,286.5569,286.73843,,287.55118,286.0611,287.65756,287.07703
169,286.8968,287.47458,285.11453,286.19653,286.55673,286.63834,,287.4867,285.9957,287.596,286.90045
170,286.72858,287.44217,285.23413,286.0902,286.64487,286.691,,287.54813,285.9986,287.362,286.9147
171,286.88538,287.4236,285.09283,286.0955,286.69534,286.65833,,287.40976,286.043,287.43494,286.82602
172,287.06927,287.46637,285.27008,285.91916,286.6741,286.6867,,287.58957,285.9351,287.3949,286.91998
173,287.3024,287.43472,285.13373,285.89453,286.55258,286.73328,,287.81332,285.84518,287.5295,286.80573
174,287.28027,287.39362,285.1421,286.113,286.56378,286.77484,,287.7686,285.8958,287.68536,286.74915
175,286.8909,287.39056,285.2852,286.16653,286.54556,286.71478,,287.54782,285.8606,287.64514,286.7609
176,286.81845,287.31705,285.21207,286.083,286.5985,286.68054,,287.69067,285.80542,287.39737,286.9145
177,286.8177,287.3857,285.16925,286.15512,286.69366,286.6617,,287.69815,285.95477,287.33762,287.02472
178,286.89822,287.47665,285.12622,286.09262,286.76794,286.70044,,287.55994,286.02603,287.33264,286.83878
179,286.89496,287.30682,285.04083,286.1017,286.64886,286.86285,,287.57108,285.9413,287.324,286.64044
180,286.8551,287.37964,285.03583,286.1142,286.42838,286.56277,,287.7464,285.78558,287.2355,286.69922
181,286.9458,287.4759,285.16852,286.1225,286.64426,286.60583,,287.6747,285.9618,287.36804,286.738
182,287.16895,287.49826,285.0528,286.15735,286.6044,286.61005,,287.42755,285.952,287.41418,286.59866
183,287.1943,287.42615,284.95648,286.0923,286.7056,286.5255,,287.43304,285.85196,287.3931,286.57028
184,287.04797,287.4508,285.08374,286.02612,286.5149,286.74097,,287.61508,285.80984,287.45737,286.71884
185,287.1646,287.29706,285.0377,286.09998,286.59665,286.82526,,287.60977,285.84296,287.48837,286.8764
186,287.0695,287.41257,285.00775,285.9286,286.50253,287.01767,,287.34393,285.8933,287.5081,286.7636
187,286.93195,287.55963,284.93167,285.96814,286.4818,286.93527,,287.30368,285.90982,287.53223,286.5887
188,286.91803,287.49954,284.95468,286.04858,286.46646,286.55783,,287.59927,285.59955,287.542,286.66254
189,286.9675,287.48596,285.058,285.8246,286.55035,286.41913,,287.46445,285.74704,287.58905,286.86728
190,286.91095,287.48267,285.33597,285.85226,286.66986,286.52466,,287.23328,285.8562,287.4487,286.81094
191,286.86838,287.48093,285.1169,285.89896,286.85718,286.79092,,287.44577,285.7819,287.3829,286.64984
192,286.86993,287.51727,285.11325,285.86383,286.9551,286.89963,,287.46866,285.68802,287.7325,286.65662
193,286.9444,287.45633,285.13583,286.0569,286.8134,286.61658,,287.4181,285.7951,287.79483,286.81476
194,286.92795,287.47192,285.15796,286.01,286.70657,286.64835,,287.63663,285.76544,287.54468,286.92172
195,286.8846,287.43622,285.04587,286.06586,286.75793,286.68585,,287.4465,285.6915,287.2882,286.74976
196,286.97275,287.46002,285.0149,286.12796,286.7048,286.77054,,287.66068,285.73114,287.1372,286.71045
197,287.09012,287.36523,284.9683,285.9764,286.63663,286.63208,,287.66446,285.844,287.29892,286.6867
198,287.10178,287.44275,285.0512,286.10925,286.64,286.53873,,287.40308,285.79205,287.3724,286.77444
199,286.9701,287.48785,285.18253,286.1481,286.5945,286.53262,,287.42603,285.86652,287.38187,286.7671
200,286.88885,287.40277,284.95792,286.1416,286.8102,286.8429,,287.59836,285.73874,287.19217,286.71432
201,287.00278,287.4835,285.12177,286.02588,286.78528,286.96457,,287.6654,285.6898,287.26337,286.74316
202,287.08212,287.51205,285.1665,286.04562,286.71887,286.58624,,288.1636,285.75174,287.4729,286.88913
203,287.03256,287.32065,285.05862,286.05124,286.764,286.61172,,287.96368,285.84488,287.67056,287.05582
204,286.91583,287.44073,285.0704,286.0117,286.69864,286.67844,,287.79507,285.81924,287.56723,287.0112
205,286.96518,287.3701,285.128,285.96307,286.749,286.55896,,287.7239,285.63202,287.4657,286.79736
206,286.9505,287.40167,285.1649,286.00284,286.9289,286.47797,,287.7014,285.78104,287.5711,286.81802
207,287.03348,287.4981,285.13977,285.90344,286.81036,286.73102,,287.77713,285.74588,287.45084,286.8
208,286.92395,287.30286,285.2006,286.02414,286.74954,286.97754,,287.56476,285.6069,287.28656,286.7957
209,286.87244,287.45355,285.18195,286.08194,286.88455,286.90097,,287.34778,285.69742,287.20227,286.82553
210,286.85736,287.41577,285.26538,286.10187,286.8863,286.53253,,287.59482,285.841,287.0789,286.87885
211,286.81216,287.39148,285.25552,286.1778,286.92313,286.80695,,287.44098,285.8479,287.34683,286.68442
212,286.7471,287.54532,285.02347,286.05978,286.92422,286.87485,,287.58035,285.9299,287.51343,286.547
213,286.9257,287.49765,284.953,286.0355,286.85733,286.91635,,287.7394,285.90137,287.68143,286.64062
214,286.9455,287.38675,285.1996,286.0638,286.86694,286.49417,,287.781,285.85962,287.41068,286.567
215,286.9498,287.48254,285.25082,285.91086,286.81766,286.49545,,287.5305,285.90466,287.1263,286.84808
216,286.9243,287.4744,285.18567,285.94427,286.893,286.60983,,287.61337,285.68237,287.27756,286.96896
217,286.95575,287.40607,285.10995,286.01196,286.9092,286.97043,,287.57318,285.66852,287.2294,286.85556
218,287.13098,287.52084,285.19107,286.03528,286.8711,286.78174,,287.5155,285.8073,287.26483,286.98596
219,287.0614,287.45544,285.24704,286.131,286.88873,286.5154,,287.38446,285.79364,287.42053,286.8767
220,286.89493,287.51697,285.2284,285.9825,286.9252,286.53378,,287.38318,285.82712,287.40723,286.82593
221,286.91446,287.52582,285.14417,285.92368,287.06326,286.88876,,287.54068,285.8333,287.36276,286.94205
222,287.0774,287.4792,285.1632,285.9337,287.03497,287.07364,,287.63965,285.88443,287.49548,286.8853
223,287.0664,287.44028,285.0827,285.92096,287.0032,286.7634,,287.78244,285.7765,287.45538,286.97675
224,286.99887,287.53525,285.316,285.9747,286.98175,286.52243,,287.77133,285.7816,287.4331,286.88687
225,286.93475,287.49612,285.18918,285.88202,287.0328,286.7336,,287.8914,285.70035,287.2291,286.87796
226,286.82596,287.49704,285.19257,285.92142,286.91605,286.77057,,287.56735,285.815,287.3463,286.94946
227,286.9553,287.46182,285.17496,285.9829,286.90475,286.6908,,287.47803,285.6778,287.3912,286.97156
228,287.02902,287.45322,285.1333,285.9014,286.89963,286.64142,,287.58313,285.7574,287.48276,287.0259
229,286.88278,287.47644,285.18036,285.9414,287.06223,286.5535,,287.76535,285.85852,287.12723,287.17813
230,287.005,287.4674,285.22803,286.0723,287.06473,286.68326,,287.7973,285.9285,287.28735,287.04306
231,287.17862,287.38873,285.38626,286.11542,286.90976,286.7838,,287.90805,286.01865,287.55728,286.88342
232,287.12497,287.41232,285.1571,286.07776,287.00226,286.75983,,287.9478,285.79453,287.45715,286.83713
233,286.91266,287.47757,285.0382,286.16095,287.0222,286.6282,,288.0739,285.85193,287.25623,286.65683
234,286.91666,287.3344,285.03476,286.10632,287.0504,286.60693,,287.97906,285.8935,287.23575,286.6755
235,286.8932,287.36688,285.12653,286.0817,286.95294,286.7046,,287.76855,285.83902,287.45996,286.81766
236,287.00705,287.3841,285.2277,286.1022,286.88943,286.79333,,287.66376,285.9976,287.63742,286.65695
237,287.0091,287.26636,285.25824,286.01404,286.83167,286.82034,,287.56018,285.85745,287.68613,286.6976
238,286.9984,287.29767,285.29187,286.00027,286.7578,286.5789,,287.64948,285.6428,287.78763,286.90228
239,287.05685,287.36456,285.14243,286.09048,,286.5331,,287.63513,285.94354,287.66043,286.79544
240,286.81754,287.3498,285.20193,286.09174,,286.75018,,287.64133,285.91037,287.77045,286.78397
241,286.72357,287.43542,285.26404,285.95145,,286.93555,,287.79965,285.6621,287.58063,286.96713
242,286.8103,287.40894,285.3343,286.04556,,286.72412,,287.83676,285.84067,287.46265,287.11804
243,286.90866,287.34332,285.29355,286.1781,,286.58176,,287.87976,285.99408,287.2328,287.01462
244,287.0873,287.38892,285.06512,286.0464,,286.61823,,287.8234,285.95923,287.31583,286.89233
245,287.0623,287.41162,285.23392,286.0698,,286.87656,,287.65866,285.9649,287.38535,286.81302
246,286.87247,287.31543,285.15207,286.16095,,287.0228,,287.72916,285.84595,287.25876,286.77667
247,286.87405,287.44257,285.09436,286.09702,,286.7379,,287.6454,285.91492,287.30896,286.8165
248,286.8996,287.41614,285.21274,286.11624,,286.4711,,287.74054,285.9114,287.64172,286.8091
249,286.76578,287.33267,285.2657,286.05286,,286.47256,,287.72058,285.95712,287.6668,286.94583
250,286.94818,287.41293,285.14853,285.90778,,286.69727,,287.49167,286.08292,287.59583,286.9779
251,286.98297,287.45508,285.06512,286.0379,,286.89642,,287.57217,286.13895,287.43835,286.87476
252,286.92743,287.42014,284.97034,285.98663,,287.01935,,287.39307,286.0356,287.4253,286.99506
253,287.01047,287.39554,285.12814,286.11557,,286.65918,,287.61725,285.92065,287.35178,287.03452
254,287.01016,287.3887,285.10913,285.9397,,286.64856,,287.48486,286.06592,287.58484,287.12885
255,287.1634,287.32254,285.07462,286.12515,,286.79056,,287.54068,286.1099,287.55356,287.003
256,287.1035,287.4386,285.15198,286.01944,,286.70886,,287.5786,286.2157,287.5684,286.85382
257,287.08688,287.389,285.21863,285.89124,,286.60333,,287.51843,286.02087,287.5759,286.8387
258,287.09445,287.45895,285.20764,285.94022,,286.71173,,287.39685,286.14096,287.43164,286.66235
259,287.15793,287.5159,285.0073,286.11273,,286.71384,,287.5777,286.15814,287.40063,286.7209
260,287.09015,287.34235,285.10928,286.0508,,286.73093,,287.6803,286.01532,287.56628,286.91818
261,286.92,287.44397,285.2702,286.0351,,286.61444,,287.6245,285.95828,287.43253,286.98825
262,286.97043,287.29785,285.07043,286.01953,,286.59677,,287.74698,286.2101,287.3477,287.1513
263,286.90796,287.31808,285.3004,285.99033,,286.80112,,287.63177,286.4309,287.28998,287.0611
264,286.88275,287.3806,285.25323,285.9693,,286.86368,,287.6563,286.1956,287.53406,286.71506
265,286.83127,287.46884,285.2674,285.99548,,286.80847,,287.83368,286.1681,287.56467,286.65683
266,286.8498,287.40067,285.17767,286.0942,,286.42648,,287.5813,286.29108,287.1674,286.8126
267,286.8335,287.3973,285.28854,286.07425,,286.3848,,287.53317,286.2628,287.0402,286.96616
268,286.96484,287.29,285.10165,286.04535,,286.46628,,287.55222,286.08676,287.2264,286.98706
269,287.02518,287.2403,285.17252,286.01315,,286.58923,,287.58353,286.08783,287.40045,287.03552
270,287.08337,287.41104,285.3585,286.16013,,286.78226,,287.71106,286.24243,287.53992,286.61377
271,287.13016,287.39813,285.50018,286.1881,,286.75986,,287.76288,286.3416,287.46585,286.68845
272,287.0517,287.34924,285.31522,286.14023,,286.53375,,287.79257,286.24796,287.3183,286.8175
273,286.74002,287.32843,285.29953,286.03543,,286.68738,,287.8302,286.09674,287.26013,286.93683
274,286.7198,287.32428,285.3652,286.18298,,286.79977,,287.68936,286.2,287.27576,287.0689
275,286.78717,287.502,285.2497,286.2432,,286.82504,,287.81155,286.16318,287.3275,286.87784
276,286.8747,287.43082,285.335,286.1615,,286.6524,,287.4951,286.16626,287.31613,286.9801
277,286.958,287.37665,285.3957,285.9791,,286.64728,,287.59598,286.17587,287.35278,286.93137
278,286.8654,287.3564,285.29324,285.98328,,286.79938,,287.5778,286.22812,287.6008,286.91022
279,286.9153,287.4533,285.38855,286.11655,,286.82358,,287.44504,286.21518,287.67712,286.9171
280,286.82996,287.39136,285.24625,286.02887,,286.72345,,287.35324,286.20853,287.45593,286.83383
281,286.80997,287.46027,285.24393,285.9426,,286.76675,,287.30447,286.16843,287.3457,286.86945
282,286.79065,287.42508,285.25925,286.10886,,286.73483,,287.43008,286.19275,287.4518,286.94922
283,287.00406,287.4065,285.21094,286.18903,,286.82996,,287.74133,286.04883,287.6288,286.92123
284,287.09317,287.35504,285.28015,286.0261,,286.73138,,287.6514,286.02917,287.74377,286.94302
285,287.2416,287.45203,285.26813,286.05814,,286.7149,,287.72876,286.0941,287.66354,287.03586
286,287.15295,287.4473,285.12234,286.0673,,286.71436,,287.69785,286.1343,287.63724,287.05466
287,286.8807,287.3007,285.22095,286.08768,,286.59668,,287.4519,286.10718,287.71872,286.92517
288,286.87964,287.38257,285.29575,286.0242,,286.4736,,287.5121,285.96524,287.55914,286.79587
289,286.9594,287.2968,285.23218,286.13773,,286.6042,,287.6235,286.16052,287.6222,286.7817
290,287.07498,287.29947,285.37183,286.10217,,286.8563,,287.5386,286.27673,287.39978,286.849
291,286.9479,287.35483,285.36133,286.15674,,286.7207,,287.4758,286.10773,287.17346,286.75336
292,287.0134,287.3363,285.33405,286.09274,,286.524,,287.68576,286.01196,287.12393,286.70258
293,287.0988,287.395,285.05096,286.16394,,286.59402,,287.79593,286.10654,287.3693,286.85226
294,286.7713,287.40088,285.04556,286.19775,,286.77228,,287.73547,286.01865,287.56647,286.6834
295,286.84433,287.29922,285.133,286.05444,,286.7869,,287.71475,286.15277,287.58704,286.83075
296,286.93713,287.44424,285.1462,286.1082,,286.88382,,287.64484,286.10025,287.48056,286.87137
297,286.80048,287.4181,285.2679,286.1513,,287.12848,,287.60214,285.9914,287.36606,287.24716
298,286.85336,287.40475,285.4085,286.11295,,286.93143,,287.56027,286.07336,287.53363,287.17773
299,286.8395,287.37872,285.1761,286.04538,,286.493,,287.65643,286.05536,287.60403,286.982
300,286.83875,287.5979,285.1788,286.0519,,286.48563,,287.65262,285.8798,287.66562,287.07886
301,286.94498,287.5426,285.2039,286.04944,,286.62698,,287.50638,286.04562,287.5426,286.95996
302,286.9429,287.50507,285.34445,285.9983,,286.81857,,287.8146,286.18533,287.39328,286.98434
303,286.7993,287.5762,285.19455,286.06445,,286.75485,,287.6924,285.9831,287.24335,286.79742
304,286.7886,287.54492,285.251,286.0492,,286.6614,,287.36868,286.06888,287.31512,286.91046
305,286.87402,287.51007,285.07605,286.0324,,286.70627,,287.3413,286.12405,287.44574,286.94058
306,286.99585,287.46246,285.16837,286.0371,,286.78595,,287.67212,286.08908,287.41873,286.96823
307,286.90717,287.43054,285.13217,286.0679,,286.65906,,287.67493,285.952,287.25964,287.08798
308,287.03973,287.48746,285.11792,286.01984,,286.52188,,287.5892,285.93375,287.50812,287.1628
309,287.05383,287.52258,285.24652,286.142,,286.6062,,287.53738,286.14462,287.70435,287.14105
310,287.1358,287.38342,285.09845,286.14337,,286.7659,,287.39325,285.89407,287.5837,286.78024
311,287.08536,287.3914,285.11237,286.27963,,286.9189,,287.5589,285.9932,287.11557,286.7136
312,286.9285,287.3991,285.13202,286.26596,,286.57635,,287.5608,286.11246,287.14185,286.63605
313,286.96524,287.49005,285.17404,286.1797,,286.38107,,287.72516,285.9648,287.3647,286.84543
314,286.985,287.57217,284.9963,286.2081,,286.47644,,287.61963,285.87463,287.5441,286.93573
315,286.9801,287.50348,285.09082,286.18793,,286.68738,,287.4677,286.0536,287.53613,286.9069
316,287.0596,287.46658,284.96768,286.09073,,286.91962,,287.40103,285.9427,287.34586,286.9067
317,287.0651,287.3335,284.95862,286.1195,,286.77753,,287.3739,286.02884,287.3154,286.81247
318,287.0347,287.39316,284.93362,286.1764,,286.53015,,287.53525,285.97522,287.5133,286.6357
319,287.03824,287.40045,285.09644,286.20093,,286.5335,,287.40515,286.00623,287.68182,286.58646
320,287.02512,287.3513,285.07227,286.23538,,286.52075,,287.43835,285.96744,287.6058,286.7309
321,286.98245,287.43726,284.9718,286.262,,286.58817,,287.56613,285.91675,287.19464,286.8189
322,287.07623,287.48685,285.05194,286.21124,,286.68658,,287.64432,285.9421,287.07748,286.62088
323,286.91266,287.45514,285.16968,286.0799,,286.78796,,287.49756,285.899,287.23697,286.7406
324,286.66534,287.32004,285.21863,286.07104,,286.74356,,287.69894,285.8337,287.4061,286.7957
325,286.93262,287.4408,285.02286,285.99045,,286.67154,,287.7658,285.94257,287.6394,286.81763
326,286.9558,287.3651,284.92868,286.02414,,286.92996,,287.6349,285.9163,287.5996,286.7533
327,287.0042,287.47623,285.18048,285.90628,,287.04544,,287.55942,285.90665,287.5079,286.9365
328,287.01428,287.5241,285.28455,285.93906,,286.64554,,287.47778,285.89832,287.29822,286.89716
329,286.8401,287.44733,285.1143,286.00848,,286.43488,,287.70328,286.07352,287.37784,286.74045
330,286.80002,287.40045,285.1707,286.2331,,286.48828,,287.82773,285.84235,287.7687,286.66296
331,286.94147,287.40503,285.245,286.09436,,286.6135,,287.69766,285.95496,287.66434,286.79956
332,286.92957,287.3985,285.1754,286.02884,,286.72232,,287.46564,286.04208,287.3246,286.89633
333,286.8359,287.36514,285.09235,286.10416,,286.9654,,287.5674,286.08624,287.2499,286.66226
334,286.92606,287.4533,285.0942,286.2157,,286.8735,,287.44803,286.10892,287.37408,286.4961
335,286.9034,287.44983,285.17883,286.11908,,286.59674,,287.4639,286.09207,287.49802,286.63986
336,286.7547,287.4357,285.15387,286.0491,,286.61493,,287.34625,286.04843,287.61096,286.8504
337,286.65616,287.47473,285.1028,285.95303,,286.7246,,287.42908,285.9949,287.59885,286.862
338,286.8319,287.46216,285.34738,286.0075,,286.76297,,287.42206,285.9931,287.2566,286.76187
339,287.03616,287.48093,285.3585,286.14954,,286.75058,,287.4542,286.0188,287.37222,286.8253
340,287.18558,287.457,285.28802,285.99237,,286.79453,,287.5027,285.98474,287.43518,286.83276
341,287.2006,287.45294,285.207,285.9925,,286.88528,,287.59384,286.0693,287.53586,286.7331
342,286.95337,287.45676,285.07172,285.98206,,286.94464,,287.64517,286.0608,287.5056,286.79102
343,287.04358,287.4025,285.18503,285.98492,,286.7681,,287.63065,286.05118,287.2574,286.914
344,286.9455,287.40137,285.1322,286.04507,,286.76266,,287.73917,286.2392,287.2653,286.9657
345,286.9036,287.3999,285.18768,286.00763,,286.685,,287.6481,286.09564,287.38187,286.86282
346,286.8109,287.40778,285.10007,286.03232,,286.78577,,287.45575,286.06525,287.6121,286.9612
347,286.9633,287.5127,285.17264,286.01913,,286.6439,,287.66727,286.0944,287.74338,286.85727
348,286.90787,287.44424,285.1273,286.11133,,286.62866,,287.80118,286.1694,287.65033,286.8586
349,286.77737,287.4841,285.23456,285.95328,,286.53528,,287.4044,286.05646,287.4091,286.92618
350,287.0488,287.49792,285.2359,285.95157,,286.6194,,287.6577,286.07047,287.39355,286.95715
351,287.12296,287.45694,285.15326,286.18216,,286.62207,,287.6328,286.00116,287.54056,286.801
352,286.98,287.51944,285.11484,286.17737,,286.7327,,287.55695,286.00262,287.42517,286.7873
353,286.82166,287.4723,285.02383,286.1078,,286.8176,,287.57013,286.10858,287.35986,286.97284
354,286.7591,287.4975,285.07278,286.05106,,286.70706,,287.4818,286.12112,287.20035,287.08066
355,286.77307,287.41138,285.1519,286.1632,,286.58496,,287.5639,285.9963,287.344,286.8764
356,286.87384,287.34885,285.34244,285.96783,,286.66525,,287.71896,286.14587,287.56442,286.92004
357,287.04642,287.39624,285.29886,286.02405,,286.74265,,288.0637,285.9601,287.5368,286.86688
358,286.80923,287.3962,285.3109,286.0362,,286.74457,,287.8626,286.0406,287.31158,286.9751
359,286.83557,287.33234,285.18948,286.1341,,286.81644,,287.81775,285.99713,287.26093,286.99503
360,286.9665,287.37823,285.16327,286.114,,286.7409,,287.80597,286.09717,287.3709,286.96198
361,287.05334,287.38467,285.05563,286.04712,,286.56076,,287.69318,285.89337,287.38492,286.87558
362,287.22495,287.44882,285.10825,286.19537,,286.66354,,287.7385,286.027,287.34235,286.84158
363,287.1488,287.5199,285.20764,286.03815,,286.8159,,287.6897,286.0655,287.01248,286.96875
364,286.8889,287.5063,285.1802,286.09467,,286.68484,,287.64148,286.02618,287.0298,286.81714
365,286.75034,287.3046,285.32758,286.16122,,286.73615,,287.59326,285.9394,287.1057,286.7922
366,286.78958,287.45352,285.3863,286.0824,,286.6199,,287.6539,286.12665,287.24817,286.83786
367,286.88474,287.53058,285.35175,286.06293,,286.57645,,287.46463,286.04572,287.41797,286.87277
368,286.98178,287.5364,285.29736,286.0162,,286.52948,,287.41248,286.0328,287.68814,286.86252
369,287.14417,287.42435,285.38596,285.9235,,286.59485,,287.73404,286.05365,287.61652,286.86813
370,287.00186,287.35986,285.2935,285.947,,286.8999,,287.54224,286.15524,287.37164,286.81345
371,287.09045,287.46503,285.22665,286.05087,,287.06995,,287.36575,286.1708,287.5681,286.79224
372,287.0677,287.4304,285.40845,286.1454,,286.60687,,287.23987,286.18976,287.79703,286.8516
373,287.11533,287.40668,285.317,286.0315,,286.67307,,287.33432,286.10196,287.78595,286.7028
374,287.00327,287.5029,285.2238,286.12787,,286.92175,,287.50607,285.87894,287.50128,286.82935
375,286.81073,287.468,285.18018,286.0383,,286.9148,,287.77573,286.12372,287.43854,287.01566
376,286.85046,287.4604,285.10074,286.0756,,286.7839,,287.53406,286.0056,287.22986,286.98434
377,286.76852,287.43628,285.12595,286.1377,,286.50726,,287.62665,286.10736,287.03983,287.0235
378,286.98083,287.3269,285.2285,286.04288,,286.71548,,287.47333,286.09354,287.24817,286.98932
379,287.22623,287.37067,285.21313,286.0005,,286.72812,,287.38223,286.09497,287.42282,287.00113
380,287.16312,287.4363,285.15326,285.99683,,286.85577,,287.17957,286.28162,287.39926,287.0114
381,287.03186,287.35373,285.3391,286.06934,,286.85873,,287.32758,286.0126,287.39633,286.82675
382,287.0019,287.3911,285.18607,286.11276,,286.8166,,287.34375,285.8255,287.19186,286.8774
383,286.97668,287.39267,285.12515,286.09076,,286.57214,,287.51483,285.99536,287.25394,286.89758
384,286.86047,287.4041,285.20514,286.20178,,286.72653,,287.4808,286.06955,287.8073,286.7985
385,287.04132,287.33594,285.22318,286.15912,,286.78064,,287.6007,285.90677,287.8162,286.8893
386,287.01166,287.39627,285.22092,286.11075,,286.71912,,287.62155,285.93433,287.69556,286.8377
387,287.0528,287.38223,285.22546,286.11777,,286.63275,,287.65228,286.09766,287.5158,286.87393
388,287.04388,287.33197,285.3188,286.16025,,286.67932,,287.91824,286.1089,287.27036,286.9985
389,287.28253,287.38812,285.28186,286.09747,,286.7476,,287.93338,286.034,287.33267,287.10297
390,287.2025,287.39853,285.276,286.11505,,286.7423,,287.77628,286.06592,287.45773,286.93716
391,287.0838,287.334,285.26605,286.04022,,286.68857,,287.4056,285.999,287.49554,286.84454
392,287.04837,287.36633,285.24268,286.11954,,286.6403,,287.33212,286.05765,287.43484,286.77103
393,286.93103,287.27438,285.3312,286.09,,286.7867,,287.7024,285.9784,287.46082,286.90848
394,286.81104,287.39447,285.1605,285.9725,,286.85638,,287.57434,286.0953,287.37906,287.0169
395,286.78076,287.40228,285.04733,285.99817,,286.62427,,287.5912,286.23282,287.41064,286.90378
396,286.80643,287.48834,285.0215,285.9542,,286.65067,,287.5786,286.04678,287.5157,286.94534
397,287.01456,287.4835,285.07532,285.91275,,286.81485,,287.62524,286.09222,287.657,287.09186
398,287.0508,287.3827,285.0081,285.96164,,286.88367,,287.7557,285.9034,287.66525,287.2122
399,287.0285,287.3733,284.9237,286.01794,,286.79156,,287.86072,286.10214,287.26663,287.10477
400,287.0151,287.43182,285.14948,286.08517,,286.85696,,287.68497,286.11316,287.15015,286.90765
401,286.86078,287.48215,285.09857,285.94418,,286.9895,,287.5971,286.15366,287.23718,286.88788
402,286.88477,287.419,285.03928,285.98602,,286.61542,,287.6424,286.21255,287.3295,286.86108
403,286.95575,287.2923,285.09363,286.06143,,286.5801,,287.8066,285.9621,287.3258,286.93246
404,286.93155,287.4628,285.14014,286.11685,,286.7161,,287.59808,286.11404,287.4148,286.84668
405,286.94183,287.39374,285.1731,286.0088,,286.7976,,287.6787,286.041,287.54218,286.8174
406,286.9691,287.4624,285.34457,286.11746,,286.92203,,287.70212,286.11603,287.82263,286.90646
407,286.72995,287.43176,285.292,286.0735,,287.01422,,287.76627,286.11432,287.66464,287.09518
408,286.80078,287.4202,285.04333,286.1702,,286.81546,,287.57983,286.12888,287.25937,287.14044
409,286.81778,287.38193,285.18704,286.02515,,286.72812,,287.54517,286.25684,287.24078,286.8789
410,286.85858,287.45105,285.33176,286.0675,,286.61115,,287.4837,286.04086,287.44006,286.92438
411,286.952,287.44763,285.26843,286.09082,,286.66925,,287.5613,286.08676,287.60193,286.90607
412,286.83517,287.48264,285.32285,286.10004,,286.70886,,287.5929,286.24985,287.88892,286.79498
413,286.734,287.53085,285.1917,285.88992,,286.87347,,287.78488,286.1873,287.78006,286.83102
414,286.68066,287.40497,285.1203,286.18307,,286.73477,,287.72632,286.02188,287.25284,286.97748
415,286.78058,287.4042,285.13147,286.0319,,286.72446,,287.78632,286.12527,287.0724,287.0475
416,286.77847,287.46875,285.12448,286.12762,,286.67303,,287.83914,286.0252,287.35547,287.01154
417,286.7476,287.4459,285.2885,286.09906,,286.85205,,287.74988,285.99475,287.4985,286.84866
418,286.80084,287.43997,285.39136,286.21042,,286.75015,,287.66827,286.0743,287.4739,286.7375
419,287.02206,287.4885,285.31964,286.0973,,286.84332,,287.67865,285.9848,287.4306,286.87845
420,287.107,287.46014,285.12643,286.0327,,287.0079,,287.69632,286.06305,287.26685,286.85052
421,286.97104,287.43616,285.14944,285.96518,,286.7693,,287.829,286.0564,287.3184,286.5943
422,286.84686,287.4322,285.13626,285.9226,,286.80698,,287.6496,286.18268,287.3794,286.79062
423,286.89578,287.42172,285.2421,285.97302,,286.76523,,287.62424,286.10022,287.4148,286.9409
424,286.77142,287.40198,285.2995,286.09055,,286.93958,,287.66797,286.17096,287.34836,286.99893
425,286.8761,287.46542,285.38937,286.0385,,286.91052,,287.63522,285.96304,287.1988,286.90567
426,287.1169,287.3974,285.13864,286.1001,,286.704,,287.6939,285.95615,287.10608,286.86218
427,287.087,287.53412,285.05908,285.99493,,286.779,,287.6397,286.08557,287.02188,286.74673
428,287.01355,287.41898,285.21124,286.00046,,286.80917,,287.74585,286.0953,287.04623,286.70914
429,287.0401,287.45053,285.25314,286.04434,,286.73627,,287.70654,286.09717,287.03043,286.75928
430,287.03873,287.47144,285.25696,286.06143,,286.6494,,287.68454,286.09076,287.40387,286.85284
431,287.0496,287.51355,285.18408,285.8888,,286.67938,,287.7662,286.0372,287.5462,286.8989
432,287.00873,287.40488,285.1245,286.0029,,286.67526,,287.70172,285.99225,287.37506,286.9254
433,286.9376,287.3108,285.1642,286.0591,,286.65796,,287.65997,285.99216,287.23038,287.0349
434,286.9613,287.3413,285.1802,286.06818,,286.6047,,287.71683,285.92108,287.3499,287.28827
435,287.07864,287.41907,285.1986,286.1293,,286.56302,,287.83582,286.206,287.4163,287.21283
436,287.11182,287.5126,285.32578,286.07828,,286.63895,,287.43073,285.96896,287.4165,286.8962
437,287.0673,287.49313,285.24744,286.09604,,286.73553,,287.6746,285.968,287.40698,286.75766
438,286.87006,287.40762,285.12744,286.1664,,286.47516,,287.55426,285.96506,287.3705,286.87076
439,286.9453,287.35672,285.2034,285.98608,,286.63757,,287.7968,285.93564,287.5327,286.85608
440,286.95374,287.30283,285.23682,286.0298,,286.88083,,287.61176,286.09537,287.64297,286.733
441,286.84387,287.4081,285.40442,286.01526,,286.70978,,287.53918,286.17123,287.5992,286.92264
442,286.7843,287.54858,285.21548,285.97836,,286.64536,,287.51736,285.9402,287.353,286.91125
443,286.75998,287.40286,285.30026,286.02002,,286.6206,,287.66367,286.10962,287.28903,286.79172
444,286.7803,287.44882,285.2742,286.20972,,286.57834,,287.69882,286.06326,287.43375,286.72763
445,286.91507,287.4139,285.25528,286.06046,,286.53983,,287.47018,286.20035,287.47473,286.8506
446,286.97726,287.50305,285.2425,285.9775,,286.7023,,287.50266,286.11542,287.66025,286.89966
447,286.96707,287.43497,285.2621,285.9785,,286.9254,,287.48575,286.15283,287.7125,286.99976
448,286.91132,287.40842,285.19403,286.15643,,286.6491,,287.5627,286.06808,287.5051,286.9473
449,286.77023,287.52362,285.12027,286.02124,,286.32703,,287.68307,286.19504,287.31848,286.94708
450,286.80157,287.43158,285.11258,286.13885,,286.48926,,287.6449,286.23148,287.1542,286.66168
451,286.86777,287.43234,285.19415,286.19385,,286.72644,,287.604,286.06454,287.36688,286.8286
452,286.80203,287.52383,285.22427,286.04532,,286.82956,,287.64734,286.0631,287.4416,287.02692
453,286.70657,287.4023,285.16348,286.1357,,286.56686,,287.80237,286.13498,287.5515,286.85873
454,286.72644,287.46542,285.08722,286.0399,,286.56088,,287.76123,286.07104,287.6246,286.72137
455,286.79068,287.50922,285.13962,286.03183,,286.80365,,287.6181,286.21628,287.3133,286.7771
456,286.6866,287.5059,285.09448,285.8936,,286.8159,,287.60852,286.1982,287.15424,286.77936
457,286.8567,287.52643,285.03134,286.08737,,286.62933,,287.55453,286.08923,287.47632,286.83688
458,286.94476,287.55807,285.10968,286.0514,,286.3758,,287.52087,286.22275,287.56607,286.71765
459,286.99268,287.38193,285.06967,286.06174,,286.5467,,287.68347,286.34174,287.3905,286.79724
460,286.96127,287.35522,285.0392,285.90146,,286.68753,,287.62735,286.1033,287.2718,286.80823
461,286.7688,287.4584,285.00726,285.8885,,286.7623,,287.6305,286.27557,287.19485,286.67737
462,286.96927,287.44867,285.14978,286.06528,,286.8017,,287.469,286.15994,287.16452,286.72995
463,287.0571,287.43872,285.1905,286.01987,,286.81747,,287.45853,286.2138,287.25986,286.75806
464,286.99826,287.43417,285.1364,286.08243,,286.51633,,287.8626,286.16278,287.31573,286.65073
465,286.95886,287.4003,285.24518,286.05338,,286.63574,,287.752,286.32974,287.50772,286.67664
466,286.88275,287.307,285.3349,286.1251,,286.76828,,287.9278,286.0705,287.5082,286.94998
467,286.90912,287.3915,285.2134,285.98755,,286.86035,,288.1787,286.10727,287.61368,286.95987
468,286.99094,287.28003,285.08078,285.93405,,286.40665,,287.85355,286.12323,287.54657,286.88373
469,287.0199,287.33603,285.0765,285.9559,,286.48535,,287.57303,285.92755,287.26828,286.60092
470,287.07535,287.30505,285.21722,286.19095,,286.85544,,287.56186,285.97827,287.23535,286.61215
471,287.12375,287.33725,285.0792,286.07657,,286.79175,,287.6397,286.13815,287.1732,286.75024
472,287.05664,287.3493,285.10693,286.03403,,286.4129,,287.48233,286.24988,287.235,286.89767
473,286.81784,287.46378,285.19485,286.05237,,286.4987,,287.49094,286.1183,287.30792,287.21353
474,286.83337,287.4326,285.2584,286.04617,,286.60016,,287.5828,286.33002,287.40515,287.18573
475,286.94656,287.44296,285.11688,285.86395,,286.80856,,287.83676,286.38705,287.67947,286.71152
476,286.86786,287.35327,285.04123,285.9762,,286.89206,,287.6907,286.24222,287.56628,286.55063
477,286.96985,287.34348,285.05872,286.10162,,286.74246,,287.78833,286.18033,287.42053,286.67853
478,287.13968,287.40237,285.15387,286.11255,,286.52817,,287.82077,286.17657,287.3935,286.88153
479,287.1098,287.4903,285.17133,286.10706,,286.5953,,287.78772,286.22424,287.6518,286.77463
480,286.97726,287.42062,285.19562,286.23453,,286.90414,,287.76572,286.30164,287.71866,286.71838
481,286.88345,287.43234,285.11365,286.06052,,287.04004,,287.6865,286.2084,287.53885,286.87915
482,286.92648,287.4519,285.3734,286.09692,,286.71136,,287.55856,286.01666,287.2779,286.89706
483,287.07404,287.42865,285.18878,286.05026,,286.61322,,287.67978,285.9643,287.24536,286.84656
484,287.07272,287.4343,285.12997,286.09637,,286.6738,,287.73682,286.08264,287.48334,286.75204
485,286.85507,287.5383,285.13516,286.1744,,286.9513,,287.78183,286.27463,287.53165,286.72192
486,286.6424,287.4134,285.36893,286.19147,,286.99463,,287.75266,286.0858,287.13446,286.67316
487,286.7597,287.39197,285.2253,286.12305,,286.6462,,287.79898,286.13065,287.16397,286.88824
488,286.71106,287.28302,285.16904,286.05087,,286.48352,,287.64066,286.21326,287.2523,286.9698
489,286.94897,287.37933,285.06705,285.9635,,286.4978,,287.57224,286.20413,287.26425,286.9319
490,287.0354,287.37485,285.24603,286.01974,,286.85046,,287.68808,286.18594,287.41324,286.86804
491,286.8434,287.43942,285.1869,286.09113,,286.9803,,287.50372,286.16132,287.4602,286.7653
492,286.71167,287.4351,285.23706,286.08575,,286.65118,,287.51477,286.21634,287.34003,286.6799
493,286.70337,287.42667,285.16382,286.01703,,286.46362,,287.62308,286.2039,287.4272,286.7569
494,286.79236,287.49786,285.02292,286.16348,,286.41577,,287.68484,286.0462,287.53693,286.8134
495,287.00116,287.45068,285.03726,286.17795,,286.76373,,287.50793,285.89154,287.7079,286.92392
496,286.87848,287.34335,285.13727,286.09836,,286.9719,,287.5267,285.99973,287.7467,286.7485
497,286.85815,287.45255,285.296,285.90396,,286.73407,,287.72964,285.92258,287.48453,286.75153
498,287.03427,287.4865,285.3637,285.97098,,286.5601,,287.66898,286.0129,287.1693,286.8715
499,287.22238,287.44302,285.20944,285.96445,,286.6015,,287.1853,286.04892,287.29138,286.76874
500,287.03604,287.4705,285.38013,286.0956,,286.94275,,287.35977,286.1861,287.21732,286.83533
501,286.7507,287.39413,285.28976,286.04178,,286.98782,,287.4438,286.1394,287.25934,286.93646
502,286.8456,287.41937,284.96002,286.1415,,286.7803,,287.6299,285.9931,287.12375,286.98334
503,286.99994,287.46594,284.91827,286.19388,,286.63394,,287.70734,286.1271,287.29004,287.1173
504,287.00412,287.4482,284.9546,286.1923,,286.59283,,287.36606,285.98416,287.17648,287.06866
505,286.96927,287.46655,285.01767,286.1322,,286.63504,,287.49966,286.0708,287.13022,286.91156
506,286.97366,287.3434,284.9432,286.07608,,286.66092,,287.43292,285.956,287.23694,287.00098
507,286.9413,287.40314,285.03882,285.99,,286.54492,,287.5327,286.01614,287.21594,286.83136
508,286.94638,287.3978,284.9961,286.05716,,286.77512,,287.5068,286.02585,287.31918,286.88818
509,287.04303,287.39838,285.0034,286.0039,,286.95743,,287.7919,285.9333,287.53012,286.83798
510,286.88947,287.4704,285.00397,286.0648,,286.73572,,287.66586,286.11484,287.49234,286.93307
511,286.84943,287.42596,284.95425,286.0808,,286.54605,,287.60577,286.08038,287.5271,286.9951
512,286.8386,287.5167,285.11395,286.0494,,286.54047,,287.62772,286.03857,287.70215,286.97183
513,287.11835,287.5123,284.97812,286.12094,,286.71332,,287.85733,286.0153,287.30814,286.75876
514,287.0964,287.46024,285.0062,286.10193,,286.8095,,287.7334,286.0262,287.24545,286.85803
515,286.9847,287.41876,285.0988,285.9582,,286.55923,,287.5224,285.97427,287.1851,286.81824
516,286.99472,287.51846,285.1967,286.0457,,286.60602,,287.60117,286.082,287.35944,286.88312
517,287.11472,287.53467,285.0753,286.11404,,286.70276,,287.72266,285.95465,287.44028,286.9915
518,287.05603,287.47556,285.04208,286.03137,,286.69165,,287.7181,285.9866,287.33148,286.9488
519,287.14572,287.47073,285.10425,286.03296,,286.72882,,287.48227,286.10486,287.52136,286.8113
520,286.96286,287.49957,285.1339,286.07635,,286.74716,,287.48193,286.02097,287.81827,286.85437
521,286.94565,287.43228,285.13324,286.13733,,286.82108,,287.17566,285.96954,287.7161,286.9649
522,286.90524,287.40387,285.07996,286.12854,,286.5854,,287.5444,285.83203,287.57785,287.06073
523,286.92276,287.458,285.26724,286.01184,,286.5292,,287.60986,285.83853,287.49643,287.18463
524,286.88586,287.48523,285.17618,285.86472,,286.60242,,287.6694,286.00458,287.47357,287.174
525,286.9615,287.37793,285.2043,286.08212,,286.5161,,287.56058,286.00058,287.47452,286.9028
526,286.95004,287.38315,285.1642,286.16537,,286.59732,,287.63016,286.0283,287.55826,286.80377
527,286.8854,287.38947,285.05844,286.0822,,286.71747,,287.2672,285.9536,287.6922,286.88528
528,287.02615,287.45267,285.10025,286.11853,,286.88556,,287.34982,285.93488,287.61057,287.07773
529,287.24612,287.35184,285.20712,286.12994,,286.64032,,287.47873,286.03683,287.29285,287.02698
530,287.15048,287.35782,285.13525,286.02243,,286.49042,,287.83624,286.12885,287.15018,286.9132
531,287.07306,287.3915,285.0336,285.93433,,286.58917,,287.7174,286.0892,287.16986,286.94748
532,287.00998,287.50732,285.0296,286.03693,,286.77692,,287.6202,285.8906,287.37793,286.92606
533,286.93277,287.51904,285.09305,285.98328,,286.77896,,287.7864,286.01703,287.59784,286.7687
534,286.8793,287.30396,285.07788,285.90292,,286.87003,,287.79248,286.13748,287.58203,286.87256
535,287.01996,287.24283,285.17303,285.94644,,286.8643,,287.93695,285.8867,287.47333,286.91043
536,286.98633,287.2804,285.28812,285.94403,,286.63815,,287.67395,285.97485,287.35583,286.8005
537,286.85092,287.1922,285.16843,286.00235,,286.60037,,287.37894,286.17038,287.30328,286.8602
538,286.90945,287.33334,285.0763,286.08328,,286.68546,,287.6497,286.13123,287.19034,287.05225
539,286.83704,287.46466,285.26688,286.07147,,286.8216,,287.6267,285.78348,287.17877,286.96512
540,286.8581,287.458,285.15848,285.9968,,286.85886,,287.6934,285.84796,287.2297,286.8198
541,286.87518,287.41867,284.98984,286.14627,,286.82913,,287.56934,285.94537,287.10803,286.68918
542,287.10425,287.47147,285.04263,285.9935,,286.59656,,287.84467,285.84998,287.16766,286.74765
543,286.9719,287.3518,285.1378,286.10803,,286.573,,287.5989,285.9373,287.30704,286.88214
544,287.07217,287.35693,285.039,286.1604,,286.6073,,287.5851,286.03586,287.52066,286.8451
545,287.0862,287.40158,285.02832,286.2672,,286.65396,,287.63727,285.82672,287.79785,286.9037
546,287.04343,287.40906,284.9684,286.26346,,286.6191,,287.8098,285.95074,287.56256,286.78033
547,286.9688,287.40366,285.1066,286.11084,,286.6763,,287.85858,285.95346,287.27148,286.85953
548,287.01797,287.31082,284.98492,286.12698,,286.7287,,287.8193,285.8902,287.22,286.90213
549,287.0166,287.30295,285.09787,286.06033,,286.59796,,287.83466,285.8942,287.26987,286.9374
550,286.8817,287.38654,285.30878,286.12048,,286.4546,,287.80615,286.08618,287.28842,286.7514
551,286.9399,287.45486,285.17865,286.04868,,286.46478,,288.0023,286.17792,287.25027,286.78723
552,286.97366,287.38757,285.22852,286.05597,,286.5011,,287.99292,286.02344,287.31342,286.83136
553,286.96268,287.27808,285.22324,286.0825,,286.6705,,287.81317,286.05878,287.22534,287.03256
554,286.97144,287.3145,285.22897,286.15195,,286.81586,,287.69244,286.07343,287.37582,287.0674
555,286.86868,287.35287,285.3151,286.26398,,286.71854,,287.814,285.99063,287.6346,286.9196
556,286.8601,287.23734,285.30728,286.13623,,286.64053,,287.85538,286.26227,287.48547,286.94412
557,286.8552,287.3399,285.20294,286.22156,,286.5324,,287.56403,286.28818,287.22574,286.9109
558,286.91376,287.31247,285.1566,286.2279,,286.58932,,287.35764,286.07462,287.43854,286.88068
559,286.935,287.3352,285.16837,286.11432,,286.5641,,287.52356,286.25842,287.67053,286.96576
560,287.03162,287.4254,285.1775,286.1532,,286.65567,,287.58954,286.06717,287.48685,286.8458
561,287.04333,287.44818,285.1913,286.07874,,286.62286,,287.52985,285.96927,287.3236,286.8835
562,286.88635,287.33453,285.08905,286.20584,,286.6152,,287.60272,285.95447,287.41278,286.78143
563,286.9513,287.3717,285.24973,286.1554,,286.65366,,287.44064,286.0635,287.48145,286.82114
564,286.88757,287.444,285.15012,286.02222,,286.6103,,287.5188,286.16553,287.5079,286.7993
565,286.89493,287.4844,285.154,286.06815,,286.62457,,287.66376,286.19217,287.52426,286.77225
566,286.8805,287.43393,285.09814,286.1307,,286.57004,,287.72815,285.97153,287.37094,286.7392
567,286.95267,287.47885,285.27493,286.05438,,286.53543,,287.57983,286.13766,287.32486,286.94366
568,286.786,287.41284,285.17545,286.08875,,286.6392,,287.3955,286.22818,287.59717,286.90958
569,286.86047,287.43024,285.2005,286.01636,,286.65152,,287.69754,286.14032,287.69366,286.83978
570,286.94897,287.3987,285.1666,286.19156,,286.62878,,287.63235,286.13965,287.73694,286.87344
571,286.90305,287.36218,285.23862,286.1669,,286.53564,,287.4611,286.0911,287.33838,286.8549
572,286.9561,287.41412,285.25192,286.16028,,286.4362,,287.5104,286.02222,287.10828,286.7864
573,286.93756,287.4685,285.14813,286.12726,,286.44876,,287.4557,286.1239,287.37216,286.7899
574,286.90677,287.4932,285.19568,286.2003,,286.6113,,287.26523,286.0055,287.68658,286.84692
575,286.97626,287.50885,285.1036,286.0964,,286.73105,,287.49884,286.08258,287.8756,286.7871
576,286.98718,287.38043,285.3083,286.03024,,286.63876,,287.55145,285.8757,287.72958,286.87985
577,286.94235,287.51773,285.30527,286.16373,,286.53906,,287.71228,286.1239,287.41873,286.8703
578,286.7844,287.41776,285.2262,286.208,,286.48395,,287.83636,286.18903,287.37463,286.95462
579,286.86435,287.2926,285.2679,286.08942,,286.39444,,287.65598,286.10828,287.50394,287.08487
580,286.88855,287.48572,285.21295,286.05148,,286.4785,,287.36557,286.17896,287.36206,287.18637
581,286.8602,287.5062,285.15536,286.11264,,286.6042,,287.32907,286.2238,287.1731,286.9113
582,286.90262,287.49142,285.1879,286.24158,,286.69223,,287.3284,285.95923,287.23074,286.81003
583,287.19238,287.47256,285.22028,286.27783,,286.58105,,287.2773,286.1875,287.31363,286.78052
584,287.0228,287.54318,285.38095,286.19882,,286.50522,,287.4629,286.28076,287.30298,286.8544
585,286.80978,287.56372,285.19904,286.18777,,286.64725,,287.5725,286.26038,287.19098,286.89896
586,286.7668,287.44043,285.11273,286.14044,,286.71494,,287.80917,286.34485,287.374,286.86667
587,286.90292,287.3228,285.08154,286.0699,,286.70972,,287.75705,286.15347,287.1924,286.95264
588,286.8889,287.40424,285.14578,286.1254,,286.6531,,287.70352,286.24725,287.22128,286.9965
589,286.7912,287.49683,285.07935,286.02386,,286.704,,287.95352,286.0871,287.44794,286.8844
590,286.9099,287.51205,285.23956,286.09418,,286.68625,,287.93802,286.14926,287.44592,286.90176
591,286.91403,287.4486,285.24033,286.12524,,286.59564,,287.86615,286.027,287.38605,286.9257
592,286.71783,287.49805,285.27426,285.95312,,286.45886,,287.9066,286.08368,287.3419,286.8181
593,286.97116,287.57904,285.37527,286.06494,,286.55576,,287.8373,286.09988,287.37,286.93027
594,287.11694,287.4342,285.24295,286.1163,,286.59003,,287.76404,286.09848,287.42188,287.0683
595,287.08002,287.45065,285.28525,286.1046,,286.66577,,288.0912,286.0864,287.49536,287.0341
596,286.97733,287.60565,285.35434,286.13956,,286.74408,,288.22037,286.15305,287.60782,286.8637
597,287.0239,287.47644,285.29407,286.0967,,286.79236,,287.99554,286.21866,287.66034,286.78873
598,287.05338,287.4001,285.18488,285.9631,,286.5993,,287.80185,286.1256,287.4069,286.85272
599,286.93256,287.47174,285.1606,285.86816,,286.63705,,287.7944,286.2022,287.22754,287.03253
600,286.88202,287.34064,285.06308,285.96396,,286.74286,,287.56357,286.1478,287.19717,287.09964
601,286.93494,287.40308,285.0667,286.10342,,286.9771,,287.53882,286.14615,287.45102,286.88837
602,286.81586,287.42935,285.2605,286.0658,,286.63647,,287.85583,286.19363,287.635,286.95508
603,286.85434,287.48468,285.33636,286.02872,,286.3797,,287.6483,286.19626,287.51892,286.73126
604,287.02057,287.4136,285.41528,286.03967,,286.46213,,287.4604,286.17645,287.29465,286.77002
605,287.1603,287.42722,285.25745,286.03738,,286.68314,,287.5145,286.20703,287.155,286.91617
606,287.20154,287.38437,285.13806,285.97592,,286.85455,,287.4275,286.24075,287.10806,287.0787
607,286.96387,287.40363,285.14453,285.9721,,286.89053,,287.5977,286.21832,287.0946,287.1838
608,286.87784,287.41162,285.04053,285.99838,,286.52527,,287.51642,286.23227,287.24216,286.97385
609,286.81528,287.3848,284.99466,286.20667,,286.5426,,287.64484,286.17105,287.4413,286.59598
610,286.7381,287.37137,285.0615,286.20715,,286.60675,,287.82452,286.1451,287.70126,286.87778
611,286.7777,287.37048,285.0798,286.12814,,286.53113,,287.68304,285.9364,287.68213,286.95828
612,286.74823,287.3566,285.1095,285.98325,,286.54553,,287.6513,286.08038,287.6218,286.8901
613,286.8788,287.40854,285.15326,286.0194,,286.6832,,287.7385,286.0195,287.58173,286.67096
614,286.97708,287.3874,285.19977,286.1263,,286.73416,,287.74365,286.16995,287.29715,286.76477
615,287.05957,287.41873,285.24692,285.977,,286.76346,,287.5128,285.92673,287.3627,286.88306
616,286.74698,287.46317,285.07898,286.09805,,286.69592,,287.40546,285.9701,287.37994,286.80862
617,286.86057,287.43658,285.08963,286.1445,,286.48343,,287.49393,286.12637,287.35,286.84976
618,287.0458,287.41586,285.30197,286.10278,,286.45862,,287.686,286.02966,287.57797,286.70392
619,286.85443,287.45935,285.33917,286.0086,,286.72678,,288.06897,286.20685,288.01517,286.84818
620,286.84515,287.3719,285.2998,285.91553,,286.93018,,287.72238,286.1266,287.93985,286.90454
621,286.8658,287.401,285.15985,285.99194,,286.6255,,287.68027,286.2566,287.55392,287.00934
622,287.0209,287.44778,285.11478,286.26758,,286.38452,,287.5724,286.14673,287.4523,286.92215
623,287.06964,287.40543,285.11417,286.18784,,286.56085,,287.4582,286.06863,287.4235,286.6828
624,286.9001,287.43787,285.25177,286.0392,,286.7611,,287.72083,286.14423,287.3961,286.55106
625,286.81223,287.47006,285.3285,286.0641,,286.8513,,287.70328,286.04172,287.12753,286.62903
626,286.68524,287.44843,285.2501,286.26038,,286.6246,,287.79205,285.98386,287.25696,286.6717
627,286.77066,287.2826,285.07944,285.9662,,286.69592,,287.60306,286.02914,287.56555,286.70755
628,286.8791,287.17566,285.1133,286.1776,,286.67172,,287.69763,285.79926,287.79666,286.96832
629,286.9474,287.26727,285.2856,286.1391,,286.86087,,287.94595,285.949,287.82855,287.00235
630,286.9569,287.39343,285.28513,286.055,,286.83243,,287.97,286.18723,287.6618,286.62372
631,286.941,287.39374,285.2031,286.10263,,286.73392,,287.56433,286.0922,287.666,286.6492
632,286.8617,287.43335,285.14084,286.1177,,286.62674,,287.61475,285.97733,287.53403,286.7123
633,287.02295,287.38522,285.22964,286.12216,,286.483,,287.641,285.98953,287.54367,286.97458
634,287.03873,287.33893,285.2476,286.19565,,286.49194,,287.68433,286.03488,287.78043,287.1
635,287.07465,287.3994,285.2062,286.1077,,286.6688,,287.6592,285.88217,287.49652,287.14435
636,286.82733,287.4048,285.08478,286.04837,,286.57678,,287.4211,285.93564,287.15802,287.13095
637,286.93216,287.42197,285.0617,286.22214,,286.50406,,287.62225,285.93887,287.26193,286.92517
638,286.99435,287.4274,285.0146,286.1749,,286.5708,,287.0108,286.08795,287.44348,286.70554
639,287.05978,287.39914,285.00943,286.19318,,286.72403,,287.11752,286.155,287.39026,286.821
640,286.98776,287.47314,285.2187,286.16772,,286.79147,,287.18033,286.23016,287.26794,286.98514
641,287.1072,287.43796,285.15814,286.1967,,286.52145,,287.53732,286.04453,287.35794,287.20016
642,286.946,287.4917,285.1532,286.19885,,286.42142,,287.81256,286.2081,287.47604,287.09277
643,286.93674,287.37677,285.15955,285.96936,,286.7329,,287.69232,286.0255,287.68796,286.90344
644,286.96872,287.51886,285.2141,285.94617,,286.72287,,287.5621,285.94382,287.48105,286.98035
645,286.94006,287.55103,285.24008,285.92023,,286.51556,,287.53528,286.11752,287.3968,287.08453
646,286.90076,287.3898,285.19196,286.11087,,286.49603,,287.60538,286.02518,287.54108,286.91
647,286.95236,287.37378,285.11346,286.0468,,286.5647,,287.5843,285.97757,287.31607,286.86407
648,287.20462,287.52817,285.0639,286.03818,,286.6447,,287.65604,286.0853,287.18326,286.8045
649,287.08026,287.47058,285.08817,285.93906,,286.5645,,287.65933,286.2615,287.08148,286.7967
650,286.9095,287.49042,285.14444,285.96683,,286.42395,,287.88025,286.02985,287.2911,286.86893
651,286.84528,287.52078,285.35928,286.03827,,286.4697,,287.82834,285.97812,287.4653,286.9651
652,286.9163,287.54834,285.36664,286.0083,,286.4564,,287.68857,286.14728,287.54465,286.82712
653,286.99216,287.54565,285.1997,286.07556,,286.49194,,287.8221,286.31445,287.51218,286.85315
654,286.8383,287.55707,285.0899,286.03848,,286.82153,,287.91467,286.17133,287.41214,286.91614
655,286.78986,287.5381,285.19165,286.03906,,286.8487,,287.68845,286.20117,287.59512,286.69775
656,286.8095,287.49133,285.19037,286.10306,,286.68457,,288.04913,286.08167,287.7764,286.7497
657,286.8453,287.50665,285.27545,286.2067,,286.81143,,288.02856,286.06848,287.79343,286.75098
658,287.00323,287.4472,285.06656,286.06808,,286.80566,,288.11743,286.14792,287.66806,286.8718
659,286.886,287.48666,284.91196,286.08154,,286.56882,,288.05487,286.03397,287.60602,287.10623
660,286.96353,287.41168,285.14383,286.08905,,286.48206,,287.91553,286.01675,287.71036,286.9463
661,286.98074,287.5566,285.23755,286.19476,,286.6392,,287.73682,285.99127,287.7208,286.6329
662,286.96664,287.5225,285.20956,286.1801,,286.69446,,287.9789,286.2033,287.45392,286.66644
663,286.88937,287.50842,284.95624,286.2385,,286.44974,,287.75464,285.98132,287.45657,286.77185
664,286.92218,287.52362,285.03607,285.8987,,286.40622,,287.82944,286.08093,287.62448,286.65448
665,286.9042,287.38528,285.06055,285.93503,,286.58322,,287.57935,286.10394,287.739,286.91174
666,286.85852,287.50235,285.10666,285.91232,,286.72134,,287.84735,286.15936,287.5735,286.8724
667,286.90634,287.47028,285.20822,285.84448,,286.71603,,287.79297,286.1843,287.55417,286.96573
668,287.2352,287.40726,285.12216,286.25162,,286.68222,,287.37,286.16397,287.44867,287.02213
669,287.02933,287.4897,285.1009,286.32727,,286.525,,287.35834,286.14618,287.3512,286.91656
670,286.60925,287.5509,285.11578,286.17694,,286.5339,,287.52573,285.95963,287.4216,286.92108
671,286.69818,287.41266,285.10855,286.0467,,286.70825,,287.37585,286.02405,287.2828,287.01907
672,286.7458,287.43796,285.07715,286.10922,,286.86835,,287.34714,286.3088,287.24207,286.79837
673,286.85748,287.48962,285.03754,286.10083,,286.47864,,287.43594,286.09714,287.37024,286.8347
674,286.93576,287.4604,285.06567,286.09055,,286.3441,,287.55847,286.21008,287.56766,286.84238
675,286.96854,287.46207,285.09293,286.1358,,286.50015,,287.5236,286.1512,287.63095,286.95572
676,286.8992,287.49493,285.23285,286.15128,,286.59116,,287.49506,286.18567,287.6314,286.8831
677,286.9023,287.4664,285.1697,286.1394,,286.7968,,287.4998,286.13455,287.83096,287.01822
678,286.92136,287.4469,285.08182,286.0371,,286.83646,,287.59286,286.20364,287.7166,286.98944
679,286.94028,287.39984,285.2197,286.09647,,286.77872,,287.4077,286.09677,287.56265,286.87848
680,286.92624,287.46436,285.37787,286.15775,,286.4884,,287.32928,286.17603,287.3749,286.84863
681,286.8524,287.4454,285.25464,286.0641,,286.57025,,287.43515,286.11533,287.28763,286.75455
682,286.8863,287.46448,285.33667,286.09167,,286.49182,,287.5887,286.2128,287.41916,286.7062
683,286.85168,287.4871,285.30524,286.18506,,286.59528,,287.70746,286.235,287.74124,286.76575
684,286.78317,287.4252,285.36496,286.01562,,286.57343,,287.45306,286.10666,287.6976,286.93686
685,286.76346,287.5583,285.18735,286.06107,,286.60446,,287.33612,286.13083,287.3971,287.08145
686,286.8471,287.4964,285.26416,286.0668,,286.65967,,287.6435,286.07584,287.32065,286.90656
687,286.817,287.45938,285.22592,286.1206,,286.69135,,287.4526,286.1253,287.27628,286.7922
688,287.03525,287.54425,285.2808,286.18973,,286.8625,,287.36655,286.0548,287.2613,286.91638
689,287.11185,287.45624,285.14487,286.0518,,286.74286,,287.16666,286.22287,287.27335,287.0635
690,286.83743,287.46735,285.37698,286.0446,,286.5809,,287.22504,286.03247,287.29297,287.08685
691,286.6936,287.5999,285.2519,286.071,,286.62674,,287.3267,286.0867,287.34003,286.9641
692,286.7967,287.57764,285.3043,286.10754,,286.58612,,287.45813,286.00366,287.35675,287.1021
693,286.877,287.36887,285.3357,286.0924,,286.59232,,287.24008,285.9641,287.53528,286.97318
694,286.89487,287.45032,285.20425,286.00043,,286.51797,,287.55997,286.00943,287.7615,287.13385
695,287.0028,287.4954,285.15594,286.09778,,286.62366,,287.5328,286.25748,287.42612,287.06412
696,287.19025,287.4368,285.24106,286.14005,,286.5754,,287.59073,286.14532,287.20166,287.00684
697,287.06375,287.4589,285.1666,286.15283,,286.66394,,287.8974,286.2178,287.27097,287.02914
698,286.8805,287.49542,285.2733,286.2211,,286.75928,,287.69287,286.23358,287.4844,287.07437
699,286.84082,287.43777,284.96738,286.11108,,286.5844,,287.62164,286.23102,287.57407,287.11917
700,286.83298,287.5515,284.97302,286.1334,,286.53738,,287.71234,286.26462,287.46463,287.08374
701,286.90073,287.43567,285.02637,285.96356,,286.85764,,287.65558,286.1682,287.25635,286.88547
702,286.94907,287.464,285.10135,286.0202,,286.9013,,287.866,286.31363,287.31287,286.94684
703,286.84555,287.5786,285.0033,286.11188,,286.73383,,287.9719,286.29825,287.27954,286.88623
704,287.11713,287.43903,285.00507,286.15225,,286.6926,,287.73682,286.34467,287.4833,286.79028
705,287.18842,287.5159,285.07736,286.20914,,286.581,,287.7221,286.34552,287.64853,286.8033
706,286.92847,287.3858,285.2725,286.1536,,286.56137,,287.7754,286.1822,287.7771,286.77338
707,286.83154,287.50775,285.26938,286.03482,,286.6645,,288.11194,286.18976,287.66263,286.83878
708,286.96744,287.5208,285.36542,286.03876,,286.6191,,288.2865,286.37775,287.56558,286.8727
709,286.92596,287.4737,285.38663,286.0745,,286.62875,,288.01752,286.33102,287.71396,286.7155
710,286.90768,287.4939,285.37305,286.02377,,286.65884,,288.12302,286.28702,287.6753,286.80255
711,286.8939,287.4748,285.18295,286.07645,,287.00537,,288.03662,286.32065,287.3078,286.94452
712,286.8991,287.4656,285.36047,286.05447,,286.8787,,287.71637,286.2857,287.32376,287.0134
713,287.02097,287.51855,285.18933,285.9887,,286.73257,,287.39725,286.1831,287.50134,287.08154
714,287.09164,287.42853,285.12875,286.1584,,286.58713,,287.4849,286.13547,287.51212,286.76938
715,286.9465,287.53,285.34186,286.1419,,286.54575,,287.49426,286.3401,287.63617,286.8055
716,286.8493,287.50888,285.3874,286.14017,,286.59308,,287.41757,286.31012,287.66855,286.94922
717,286.93594,287.4612,285.10504,286.1337,,286.8141,,287.52603,286.26886,287.4501,286.8838
718,287.04456,287.51553,285.08722,285.8161,,286.98563,,287.50818,286.33765,287.27466,286.8002
719,287.16458,287.41852,285.23032,286.0749,,286.63843,,287.46664,286.29153,287.2413,286.81186
720,287.12527,287.36365,285.15112,286.21182,,286.5771,,287.4404,286.23682,287.35077,286.94855
721,287.13336,287.50323,285.4401,286.0157,,286.51868,,287.36096,286.23184,287.6382,287.03723
722,287.00085,287.47742,285.45392,286.0853,,286.71234,,287.42154,286.2433,287.77725,286.88095
723,286.7203,287.5721,285.12714,286.09418,,286.711,,287.3456,286.2563,287.62646,286.8621
724,286.928,287.53085,285.08224,286.06503,,286.54144,,287.62552,286.21442,287.39008,287.01367
725,286.9892,287.50894,285.1505,286.11285,,286.63358,,287.70538,286.2711,287.469,286.98965
726,286.89093,287.45242,285.20175,286.3358,,286.70822,,287.55487,286.1579,287.5502,286.91882
727,287.063,287.44522,285.24353,286.0637,,287.04895,,287.6926,286.0771,287.27582,287.0398
728,287.00363,287.4592,285.27383,285.98328,,287.04776,,287.70636,286.14185,287.10522,287.04065
729,286.73074,287.4191,285.37323,285.99927,,286.72055,,287.89767,286.1743,287.45074,286.9269
730,286.82983,287.34753,285.26877,286.08066,,286.34247,,287.56274,286.1703,287.66473,286.769
731,286.9137,287.44586,285.2946,286.14148,,286.37073,,287.44284,286.24857,287.3864,287.0364
732,287.03027,287.35425,285.17462,286.1041,,286.6254,,287.67825,286.46738,287.25812,287.00378
733,287.05804,287.39328,285.26938,286.1783,,286.78665,,287.56592,286.33813,287.35028,286.85925
734,286.9654,287.45566,285.1381,286.1285,,286.75018,,287.53497,286.22543,287.61188,286.7744
735,286.9178,287.3072,285.07156,286.083,,286.65347,,287.62436,286.10306,287.68365,286.77847
736,286.79517,287.42657,285.1999,286.04617,,286.66846,,287.76483,286.2816,287.72418,286.90735
737,286.6757,287.49603,285.1783,285.90033,,286.6196,,287.79938,286.2435,287.61926,287.09448
738,286.65594,287.37808,285.16095,286.2394,,286.70013,,287.76172,286.13342,287.16736,286.87213
739,286.86163,287.46906,285.24936,286.17993,,286.84042,,287.93924,286.23904,287.23047,286.85657
740,286.86386,287.53848,285.24622,286.12292,,286.68927,,287.84534,286.14188,287.30344,286.85385
741,286.68463,287.4029,285.2338,286.10065,,286.76917,,287.85883,286.11658,287.35062,286.9415
742,286.76294,287.42325,285.1698,286.15277,,286.91992,,287.7426,286.15317,287.3713,286.90408
743,286.81787,287.50662,285.32068,286.1261,,286.60376,,287.59683,285.98004,287.59677,286.9177
744,286.82413,287.37122,285.3409,286.0817,,286.54227,,287.49014,285.94772,287.69476,286.92096
745,286.85736,287.4772,285.27887,286.1022,,286.52432,,287.44403,286.05106,287.24857,286.95584
746,286.82785,287.3742,285.19446,286.30695,,286.59018,,287.68097,286.09634,287.01447,286.8446
747,287.01065,287.4265,285.27887,286.23083,,286.63364,,287.5237,286.11163,287.28806,286.77942
748,286.89932,287.53897,285.2338,286.10544,,286.82474,,287.5825,286.19214,287.5488,286.9237
749,286.99805,287.5086,285.25616,286.02612,,286.6778,,287.6508,286.09283,287.398,286.9553
750,286.94882,287.4687,285.13092,286.06305,,286.54315,,287.53387,286.14883,287.16464,287.05753
751,286.80066,287.44727,285.20386,286.15964,,286.6766,,287.34125,286.0037,287.1719,287.0136
752,286.9487,287.36765,285.2512,286.1553,,286.76056,,287.5761,286.16653,287.40295,287.2171
753,287.02356,287.4994,285.08218,286.1331,,286.74655,,287.4874,285.9225,287.6252,287.01517
754,286.98526,287.49796,285.2066,286.1082,,286.79648,,287.45673,286.08698,287.59836,286.82245
755,286.9789,287.5057,285.17975,286.13712,,287.00198,,287.64648,286.10687,287.55148,286.96326
756,286.99463,287.43448,285.19623,286.1029,,286.96567,,287.52704,285.8444,287.5293,286.91974
757,287.1059,287.41232,285.2448,285.98557,,286.56424,,287.53552,286.04828,287.67404,286.76547
758,287.0343,287.4668,285.291,286.15747,,286.56125,,287.481,286.06665,287.72574,286.78882
759,287.16095,287.42004,285.20062,286.05923,,286.6675,,287.5218,285.89658,287.6601,286.97287
760,287.20886,287.38687,285.07462,285.86404,,286.74954,,287.69925,285.98355,287.3768,287.0781
761,287.2171,287.41248,285.36844,286.05396,,286.87933,,287.58292,286.01266,287.2235,286.8968
762,286.9907,287.45758,285.47546,285.93936,,287.04108,,287.86826,285.8841,287.1927,286.8651
763,287.07755,287.50833,285.39926,286.25333,,286.87024,,287.74762,285.93155,287.27026,286.76355
764,286.92517,287.5224,285.28656,286.11063,,286.64218,,287.68997,286.10208,287.42133,286.78787
765,286.87177,287.47134,285.10696,286.23883,,286.72308,,287.62927,285.99222,287.3187,286.84964
766,286.9922,287.40384,285.03235,286.2251,,286.82916,,287.45657,285.94415,287.33783,286.83902
767,287.0695,287.45862,285.13214,286.1481,,286.79175,,287.2469,286.00882,287.26688,286.727
768,286.9393,287.5031,285.30505,286.07773,,286.864,,287.67044,285.86307,287.37592,286.73233
769,287.009,287.44162,285.3068,286.05142,,286.74493,,287.71838,285.91022,287.4335,286.97186
770,287.00613,287.58765,285.33942,286.20462,,286.774,,287.60867,285.91968,287.22467,286.80902
771,286.92163,287.4821,285.31653,286.04865,,286.9414,,287.49786,286.04477,287.276,286.76062
772,286.74878,287.42847,285.3944,285.89392,,286.93378,,287.30634,286.00854,287.532,286.97552
773,286.7989,287.36526,285.34393,286.03766,,286.68488,,287.31976,285.86093,287.79947,286.9338
774,286.80603,287.45337,285.25266,286.05698,,286.58774,,287.48788,285.8643,287.66083,287.07336
775,286.85977,287.5783,285.2535,286.18762,,286.65253,,287.65454,285.98276,287.63095,286.9346
776,286.78827,287.32202,285.12747,285.992,,286.68942,,287.4631,285.90405,287.36237,286.8462
777,286.86804,287.32703,285.16537,286.07733,,286.7443,,287.31552,286.13358,287.2927,286.93408
778,286.84058,287.39407,285.15237,286.13242,,286.7167,,287.40564,286.0184,287.57718,286.8378
779,286.92926,287.328,285.0816,286.0326,,286.79715,,287.60446,285.8641,287.74277,286.76987
780,286.98743,287.35278,285.2266,286.15207,,286.7156,,287.48175,285.9121,287.472,286.7624
781,287.11676,287.4087,285.19232,286.13516,,286.75632,,287.18976,285.92786,287.1158,286.78763
782,287.13312,287.51614,285.30426,286.1556,,286.891,,287.55695,285.78662,287.18698,286.7791
783,287.10522,287.42404,285.20123,286.1831,,286.7805,,287.51447,285.92453,287.35446,286.8962
784,287.13962,287.43707,285.0085,286.12164,,286.63153,,287.855,285.90964,287.38272,286.7998
785,287.21124,287.43985,285.10745,286.0457,,286.79703,,287.828,285.8963,287.4471,286.8629
786,287.12704,287.44507,285.18448,285.99902,,286.93887,,287.63718,286.24493,287.61154,286.82526
787,286.86057,287.46075,285.27316,285.9876,,286.84933,,287.6254,285.93933,287.56586,286.8029
788,286.97006,287.59763,285.12503,285.94647,,286.83688,,287.735,286.0777,287.4224,286.8369
789,287.0623,287.4808,285.13214,286.03638,,286.77264,,287.71695,286.01337,287.42465,286.9973
790,286.9514,287.4521,285.34134,286.09995,,286.42703,,287.77667,285.81973,287.2816,286.9328
791,286.78638,287.3481,285.2838,286.00674,,286.4306,,287.8741,286.02554,287.45392,286.87573
792,287.0207,287.44177,285.236,285.94003,,286.6102,,287.82614,286.18304,287.58633,286.94217
793,287.0731,287.50208,285.33466,286.0972,,286.63278,,287.75034,286.06577,287.40973,286.86755
794,286.99298,287.44537,285.2963,286.1731,,286.70142,,287.68338,286.02655,287.32428,286.8865
795,287.15955,287.51816,285.18246,286.11472,,286.6161,,287.50784,286.04935,287.41602,286.9357
796,287.04938,287.47687,285.29312,286.2565,,286.68527,,287.68127,286.03165,287.57568,286.85278
797,287.01062,287.50287,285.3285,286.21036,,286.5997,,287.71313,286.09363,287.55872,286.6286
798,287.04007,287.50122,285.22025,286.13312,,286.73636,,287.4903,286.23227,287.30222,286.749
799,287.18674,287.3457,285.09863,286.01215,,286.9192,,287.7958,286.07016,287.1905,286.9339
800,287.1036,287.4083,285.11713,286.0609,,287.03973,,287.77954,286.1649,287.3254,286.99484
801,286.8717,287.43454,285.1713,286.0712,,286.59525,,287.57004,286.18665,287.23712,286.96332
802,286.91376,287.3273,285.22278,286.17563,,286.4997,,287.37326,286.05527,287.44357,286.79498
803,286.97556,287.33084,285.20798,286.24762,,286.58322,,287.39685,286.05084,287.52347,286.86087
804,286.9144,287.46173,285.24234,286.18045,,286.72702,,287.5196,286.07788,287.3003,286.8537
805,286.86108,287.4867,285.1399,286.29572,,286.84174,,287.34296,285.96732,287.20792,286.81665
806,286.6652,287.4178,285.2421,286.11356,,286.6405,,287.4795,285.97372,287.09027,286.92892
807,286.80002,287.422,285.17386,286.12198,,286.8352,,287.40707,286.06216,287.31668,286.9259
808,286.8086,287.45734,285.0829,286.04535,,286.9874,,287.67953,286.1572,287.40125,286.841
809,286.8509,287.56305,285.189,286.0583,,286.67548,,287.4834,285.992,287.5384,286.6592
810,287.01636,287.50055,285.23404,286.22934,,286.6642,,287.38318,286.0196,287.37262,286.87146
811,287.03583,287.55286,285.05347,286.1338,,286.64676,,287.43042,286.14655,287.14572,286.822
812,286.94568,287.47577,285.06564,286.06744,,286.8066,,287.5131,286.25146,287.2002,286.88705
813,286.9581,287.42444,285.08572,286.0533,,286.81586,,287.61386,286.11972,287.30066,286.94928
814,287.02136,287.42264,285.0157,286.1833,,286.786,,287.6023,285.9278,287.50983,287.0316
815,287.01202,287.55453,285.12784,286.22705,,286.67776,,287.61835,285.98895,287.6017,286.9807
816,286.98438,287.54483,285.29984,286.1294,,286.85257,,287.7743,286.0993,287.4575,286.95325
817,286.94876,287.35596,285.3044,286.20654,,286.69983,,287.74997,286.23645,287.51318,286.93582
818,286.9835,287.47345,285.3123,285.9531,,286.38818,,287.59985,286.12152,287.66132,286.73233
819,286.88214,287.43393,285.13364,286.06363,,286.46448,,287.6275,286.10806,287.52466,286.7284
820,286.8793,287.3139,285.0358,285.989,,286.64038,,288.03644,286.01273,287.2511,286.77377
821,286.79028,287.45422,285.28323,286.08426,,286.76974,,288.0507,286.04938,287.23694,286.73196
822,286.85477,287.44254,285.21158,286.0636,,286.8476,,287.72043,286.00208,287.27682,286.76602
823,286.87988,287.40158,285.36703,286.07388,,286.67322,,287.53958,286.0298,287.18927,286.75784
824,286.79214,287.5197,285.10605,286.10324,,286.63065,,287.53986,286.2444,287.1992,286.67432
825,286.95206,287.4239,285.09714,286.1005,,286.6396,,287.60757,286.02454,287.40317,286.6854
826,287.01248,287.32846,285.27518,286.11212,,286.7617,,287.8674,286.04883,287.52393,286.87228
827,286.98508,287.40134,285.07654,286.119,,286.72824,,287.81168,286.18054,287.6157,286.87943
828,286.7585,287.47226,285.24228,286.11847,,286.61127,,287.53012,286.21313,287.801,286.85107
829,286.76553,287.33408,285.17963,286.006,,286.58273,,287.55038,286.21875,287.7829,286.8622
830,287.09384,287.38867,285.22833,286.12915,,286.76096,,287.58722,286.0714,287.59183,286.88297
831,286.99026,287.4183,285.4129,285.9814,,286.8531,,287.5591,286.25998,287.25967,286.8617
832,286.8809,287.46732,285.3403,286.0206,,286.63367,,287.63034,286.1401,287.18387,286.7017
833,286.9195,287.4268,285.377,285.9757,,286.37912,,287.6715,286.1661,287.3036,286.63937
834,287.04077,287.49072,285.35373,285.9817,,286.49655,,287.63065,286.1386,287.32678,286.79462
835,287.02933,287.5259,285.07733,286.1814,,286.5925,,287.67035,286.1901,287.64688,286.7082
836,286.85394,287.52954,285.2614,286.10477,,286.71088,,287.58786,286.09268,287.7655,286.9253
837,286.8533,287.49188,285.37994,286.10645,,286.90067,,287.61972,286.35498,287.60645,286.86633
838,286.94125,287.51816,285.16876,286.09064,,286.81525,,287.66342,286.3228,287.43207,286.87115
839,286.99097,287.5263,285.09628,286.15796,,286.61044,,287.63513,286.1432,287.3284,286.9397
840,286.979,287.46426,285.08917,286.1805,,286.5433,,287.73425,286.18182,287.46536,286.81003
841,286.94763,287.5504,285.184,286.00992,,286.66467,,287.8885,286.37442,287.5353,286.89954
842,286.97528,287.4195,285.2528,285.93793,,286.90497,,287.6822,286.39648,287.36557,286.8054
843,287.1443,287.44678,285.25458,285.95648,,286.9871,,287.2853,286.28278,287.34448,286.84808
844,287.09766,287.3585,285.19366,285.88434,,286.6188,,287.31674,286.36084,287.29562,286.8625
845,287.016,287.3209,285.30338,285.99316,,286.43393,,287.3185,286.46002,287.43347,287.0489
846,286.9906,287.3237,285.23587,286.0172,,286.6279,,287.30853,286.21457,287.5619,287.01608
847,286.93558,287.32608,285.16574,286.02496,,286.80353,,287.49008,286.23462,287.49088,286.8147
848,286.94403,287.33408,285.0874,286.2842,,286.7674,,287.7348,286.428,287.17184,286.9147
849,286.94843,287.3122,284.9604,286.0674,,286.5723,,287.93832,286.34805,287.38788,286.82428
850,286.8219,287.36652,285.03482,286.09158,,286.56894,,287.5835,286.23962,287.49948,286.82068
851,286.8234,287.46628,285.01767,286.17578,,286.73703,,287.58487,286.27524,287.4445,286.8619
852,286.876,287.40015,285.1867,286.1606,,286.7795,,287.5275,286.2967,287.37613,286.96146
853,286.93134,287.38803,285.1446,286.17902,,286.58145,,287.48218,286.52512,287.41626,287.05426
854,286.95004,287.26624,285.10175,286.0992,,286.52716,,287.49466,286.38675,287.46448,287.25168
855,287.0046,287.35925,285.16202,286.13312,,286.6715,,287.60034,286.1545,287.57178,287.08713
856,287.07373,287.3551,285.35004,286.08627,,286.8022,,287.4477,286.32413,287.60074,286.7749
857,287.0417,287.4192,285.33936,286.1863,,286.71268,,287.55496,286.49234,287.44617,286.76443
858,286.9383,287.44522,285.0917,286.031,,286.70584,,287.36478,286.3635,287.53186,286.7539
859,286.8972,287.395,285.08167,285.95438,,286.65976,,287.40674,286.38275,287.66763,286.8529
860,287.0468,287.42773,285.2346,286.15466,,286.54068,,287.34796,286.39395,287.58698,286.87726
861,286.9557,287.44223,285.3711,286.00308,,286.5487,,287.66592,286.3392,287.27176,286.7703
862,286.8559,287.40518,285.08057,286.04926,,286.7941,,287.7636,286.22516,287.18524,286.6489
863,286.82977,287.49185,285.04184,286.16995,,286.78308,,287.57837,286.3153,287.2569,286.73465
864,286.92538,287.57147,285.14297,286.1776,,286.43054,,287.68716,286.3008,287.3423,286.62186
865,287.04837,287.4075,285.2424,286.16907,,286.3976,,287.682,286.2209,287.38486,286.82532
866,287.07675,287.51636,285.3456,286.1941,,286.45853,,287.7801,286.1612,287.2808,286.84232
867,286.9723,287.50925,285.30264,286.18616,,286.70145,,287.85434,286.23267,287.25113,286.75348
868,286.79715,287.40375,285.01376,286.1255,,286.88544,,287.3988,286.3058,287.3359,286.93497
869,286.84375,287.31665,285.04742,286.2306,,286.84024,,287.8162,286.3004,287.4739,286.81033
870,286.94754,287.4384,284.96454,286.08005,,286.37393,,287.84036,286.17017,287.5862,286.73856
871,287.0608,287.41998,285.07492,286.05933,,286.40854,,287.61606,286.23694,287.28177,286.79755
872,287.02338,287.42728,285.18384,286.07477,,286.6344,,287.66312,286.37653,287.1479,286.8017
873,286.87155,287.50403,285.1857,286.16083,,286.6498,,287.63156,286.33487,287.12213,286.85165
874,286.87878,287.46024,285.19577,286.10446,,286.68146,,287.89526,286.20346,287.39984,286.91406
875,286.86005,287.45056,285.29974,285.98523,,286.65344,,287.6354,286.14062,287.6724,286.9398
876,286.87033,287.48303,285.2233,286.04758,,286.67688,,287.6891,286.11166,287.80258,287.1159
877,286.88272,287.42825,285.09967,285.97302,,286.8981,,287.90796,286.23447,287.5067,286.85638
878,286.93228,287.3339,285.2218,286.07785,,286.69867,,287.7541,286.13083,287.3895,286.79605
879,286.73535,287.4078,285.14752,286.18127,,286.42606,,287.26404,286.21234,287.44147,286.7685
880,286.97565,287.51273,285.10477,285.98544,,286.25436,,287.40552,286.2592,287.35565,286.85822
881,286.99548,287.42474,285.11765,285.92035,,286.50693,,287.44363,286.2425,287.17334,287.02115
882,287.07364,287.40677,285.1966,286.0885,,286.7023,,287.59805,286.0213,287.22757,287.11423
883,286.90958,287.4781,285.35165,286.0582,,286.76202,,287.58057,286.23288,287.43018,287.0673
884,287.00446,287.43237,285.2033,286.10834,,286.4986,,287.35242,286.3492,287.595,286.69147
885,286.9341,287.3985,285.04358,286.07706,,286.55634,,287.3105,286.20612,287.53864,286.85342
886,286.8927,287.37363,285.02036,286.11615,,286.73492,,287.2134,286.13278,287.1705,286.81625
887,286.96082,287.36148,285.1172,285.98486,,286.87646,,287.22888,286.1689,287.2924,286.80652
888,287.06207,287.37042,285.2452,286.18396,,286.87042,,287.2838,286.17804,287.77524,286.8765
889,286.95093,287.36124,285.29312,286.17212,,286.59216,,287.40427,286.3104,287.8224,286.96155
890,286.8389,287.33575,285.21973,286.3177,,286.508,,287.51083,286.3613,287.56104,286.90286
891,286.9446,287.36093,285.33743,286.15234,,286.55542,,287.52762,286.29413,287.2271,286.71625
892,286.9572,287.40067,285.41202,286.18347,,286.60944,,287.71887,286.30173,287.43243,286.68372
893,286.91458,287.51193,285.38522,286.10867,,286.65347,,287.51184,286.2757,287.6338,286.87708
894,286.86307,287.43066,285.30002,285.9741,,286.67322,,287.4309,286.29596,287.68607,286.88583
895,286.81396,287.50903,285.20676,286.1879,,286.7234,,287.60425,286.15445,287.52945,286.9296
896,286.92307,287.4698,285.11517,286.24683,,286.74545,,287.71268,286.17245,287.37878,286.82526
897,286.95557,287.47073,285.21466,286.08255,,286.51385,,287.7155,286.2739,287.30692,286.8357
898,286.7941,287.44727,285.1858,286.0617,,286.49127,,287.7084,286.33585,287.41046,286.7762
899,286.8439,287.52747,285.40363,286.22546,,286.76706,,287.7732,286.29645,287.53488,286.7848
900,286.77667,287.46933,285.24112,286.0261,,286.74683,,287.54193,286.26932,287.42264,286.74966
901,286.75403,287.51776,285.26965,285.97745,,286.45358,,287.61008,286.2714,287.5762,286.65576
902,286.76932,287.52213,285.26978,286.06308,,286.418,,287.5191,286.44366,287.4453,286.7536
903,286.76138,287.53812,285.19333,285.98383,,286.5074,,287.5324,286.22812,287.28983,286.91486
904,286.8332,287.50958,285.10556,286.16986,,286.77493,,287.5525,286.2059,287.28854,286.78088
905,286.65982,287.37094,285.202,286.03955,,286.6185,,287.522,286.15604,287.3704,286.93353
906,286.7815,287.50247,285.1818,286.161,,286.38116,,287.57584,286.23032,287.4953,286.86185
907,286.85797,287.4534,285.27832,286.15137,,286.563,,287.6146,286.15768,287.66373,286.76047
908,286.98108,287.55014,285.47662,286.00272,,286.78195,,287.38864,286.23627,287.785,286.7549
909,286.88953,287.4545,285.19208,286.13693,,286.73218,,287.4223,286.17352,287.55444,286.72357
910,286.8737,287.50024,285.0647,285.98434,,286.6517,,287.59485,286.1467,287.32547,286.98465
911,286.85092,287.41235,285.08105,286.025,,286.53915,,287.54333,286.1794,287.23837,287.0504
912,286.912,287.31378,285.1142,286.1863,,286.4559,,287.6684,286.30295,287.31235,286.82977
913,286.89432,287.4455,285.25714,286.24823,,286.55154,,287.6285,286.11716,287.54477,286.7293
914,286.9538,287.4758,285.27158,286.12283,,286.7303,,287.47433,285.97998,287.8113,286.91776
915,287.08102,287.41797,285.20795,286.179,,286.64047,,287.38184,286.1943,287.83597,286.99796
916,287.00665,287.4159,285.18323,286.10522,,286.5128,,287.45935,286.12396,287.4505,287.0196
917,286.8886,287.46082,285.14966,286.24988,,286.68982,,287.37363,286.09805,287.194,287.0067
918,286.7139,287.38977,285.103,286.14215,,286.89117,,287.19867,286.04364,287.37906,286.96738
919,286.89825,287.383,285.216,286.21695,,286.6109,,287.3102,286.049,287.41263,287.02054
920,286.8898,287.4258,285.30804,286.00085,,286.47916,,287.29343,286.14587,287.303,286.86044
921,286.8291,287.3512,285.21252,286.05072,,286.6368,,287.36847,286.1864,287.40274,286.90668
922,286.86563,287.3167,285.2465,286.00165,,286.86002,,287.62195,286.17847,287.5714,286.86093
923,286.88654,287.36105,285.3081,286.04074,,286.8107,,287.80362,286.0727,287.2834,286.79175
924,287.00336,287.4422,285.2808,286.05206,,286.6129,,287.52335,286.14456,287.1885,286.89304
925,287.0632,287.283,285.2878,286.02588,,286.58685,,287.57242,286.04675,287.3507,286.8876
926,286.93698,287.34464,285.2364,286.10187,,286.5507,,287.52057,286.09763,287.69775,286.9493
927,286.7729,287.36163,285.13788,286.01324,,286.63373,,287.64438,286.22015,287.70615,286.74808
928,286.78952,287.50623,285.12225,286.07068,,286.58868,,287.6688,286.17258,287.67136,286.86893
929,286.7429,287.404,285.21408,286.04233,,286.44766,,287.75183,286.14633,287.6869,286.81613
930,286.9216,287.38376,284.9575,286.11136,,286.49155,,287.69266,286.13788,287.5753,286.81537
931,286.9482,287.3881,285.00452,286.17535,,286.47482,,287.61072,286.30643,287.51288,286.8933
932,286.88773,287.42966,285.23785,286.15338,,286.5355,,287.62576,286.0143,287.5802,286.92722
933,286.9524,287.49823,285.32422,286.11005,,286.7626,,287.89532,286.03818,287.20337,286.94803
934,286.9875,287.4905,285.37302,286.1142,,286.78067,,287.815,286.00507,287.1432,286.83737
935,286.94595,287.33694,285.13278,285.9707,,286.6803,,287.75943,286.13605,287.35715,286.7953
936,286.98694,287.51242,285.0868,285.96335,,286.63254,,287.7322,286.02188,287.3699,286.76303
937,287.06427,287.44467,285.38165,286.1206,,286.50095,,287.71545,286.0549,287.51367,286.84363
938,286.94458,287.4954,285.28732,286.08615,,286.6767,,287.78976,285.79327,287.80368,286.85977
939,287.0631,287.44196,285.05264,286.1176,,286.80807,,287.81607,286.00162,287.6915,286.864
940,287.2297,287.32608,285.13934,286.04004,,286.96188,,287.87628,286.10297,287.60123,286.90613
941,287.01825,287.36755,285.26,285.98987,,286.5825,,288.02902,286.08545,287.82605,286.87128
942,286.91592,287.54114,285.06226,286.04904,,286.57477,,287.9686,286.14575,287.70917,286.70743
943,287.03284,287.51746,285.04483,286.19315,,286.5926,,287.9129,286.02414,287.51062,286.7087
944,286.93497,287.3844,285.1751,286.2912,,286.6387,,287.62234,286.04465,287.3643,286.8429
945,286.85437,287.52777,285.1761,286.20206,,286.83688,,287.641,285.89957,287.49048,286.98444
946,286.9455,287.4762,285.00284,285.98145,,286.8174,,287.4142,285.95868,287.50214,286.974
947,287.07745,287.43304,284.99228,286.0815,,286.84354,,287.3211,285.9119,287.45526,286.8757
948,286.96942,287.38626,285.08383,286.0299,,286.6134,,287.26166,285.90433,287.64157,286.82278
949,286.85712,287.51044,285.1755,285.9527,,286.56976,,287.3103,285.95978,287.70435,286.77396
950,286.83392,287.4097,285.2096,286.00552,,286.62695,,287.436,286.06525,287.60037,286.8366
951,286.84753,287.36685,285.19656,286.05255,,286.5257,,287.48148,286.0093,287.24484,286.98038
952,286.88608,287.44522,285.06934,286.11517,,286.62555,,287.73853,286.03708,287.2473,287.05603
953,286.94278,287.5301,285.19962,286.27835,,286.86597,,287.78796,286.12442,287.18643,286.87787
954,287.07892,287.4255,285.28574,286.09988,,286.92926,,287.67752,286.12744,287.25195,286.87164
955,287.00397,287.43634,285.40616,286.1597,,286.79465,,287.54285,285.99734,287.2635,286.98178
956,286.85623,287.32953,285.29355,286.1525,,286.82025,,287.6582,286.044,287.1439,286.87234
957,286.85413,287.27344,285.34262,286.06973,,286.67493,,287.92517,285.88058,287.27246,286.80695
958,286.9578,287.3637,285.28955,286.09116,,286.54263,,288.0596,285.96707,287.42426,286.84387
959,286.9946,287.39026,285.22858,286.10178,,286.5694,,287.96985,286.0751,287.6042,286.8333
960,287.09912,287.3944,285.07626,286.2276,,286.7007,,287.5734,286.0264,287.71417,286.88257
961,287.02844,287.4618,285.14752,286.0839,,286.80984,,287.51846,285.82004,287.6498,286.86374
962,287.03412,287.39005,285.31555,286.045,,286.6397,,287.69266,286.0376,287.38004,286.73746
963,287.04538,287.42584,285.43817,286.06964,,286.6545,,287.69366,286.16452,287.43646,286.87326
964,286.96924,287.4482,285.20975,286.0903,,286.83,,287.734,286.1943,287.4795,286.969
965,286.95026,287.46796,285.3161,286.02505,,286.84515,,287.54932,286.02942,287.36908,286.86557
966,286.96487,287.39987,285.2592,286.1394,,286.6265,,287.81693,286.11032,287.58536,286.94257
967,286.87473,287.43097,285.1164,286.11575,,286.51453,,287.7176,285.89474,287.59,286.8596
968,286.9662,287.51703,285.2621,286.08072,,286.4763,,287.5104,285.99542,287.3159,286.7874
969,286.96527,287.45792,285.2249,286.0616,,286.64047,,287.6265,286.28754,287.23517,286.73874
970,286.91443,287.5001,285.1913,286.09485,,286.80484,,287.44562,286.0103,287.29712,286.89917
971,286.87686,287.46527,285.2678,286.08795,,286.95358,,287.39532,286.15176,287.39548,286.8783
972,286.97955,287.41037,285.43063,286.23734,,286.90024,,287.38513,286.16708,287.5348,286.8051
973,286.76688,287.52338,285.31412,286.1799,,286.56018,,287.5022,286.13828,287.43466,286.9406
974,286.62207,287.51706,285.17862,286.17667,,286.37082,,287.5708,286.12775,287.50244,286.8222
975,286.7234,287.5397,285.2141,286.28873,,286.59387,,287.70605,286.14496,287.66125,286.77188
976,286.70343,287.46506,285.1248,286.10834,,286.63287,,287.50284,286.14014,287.75803,286.8997
977,286.723,287.49286,285.1952,286.08252,,286.52365,,287.47543,286.01172,287.62875,286.9963
978,286.6511,287.43802,285.2121,285.9359,,286.60507,,287.4109,285.96237,287.33768,286.9561
979,286.87823,287.44882,285.21216,286.00076,,286.66782,,287.38458,286.08286,287.19604,286.82547
980,287.09827,287.5626,285.24615,286.12564,,286.78357,,287.65692,286.15363,287.25754,287.0649
981,286.93173,287.506,285.3843,286.20966,,286.76917,,287.8307,286.0405,287.45102,287.0198
982,286.8392,287.54773,285.22107,286.1684,,286.63644,,287.73264,285.86227,287.49802,286.93784
983,286.8015,287.50497,285.21344,286.1446,,286.60825,,287.615,286.02554,287.551,286.90686
984,286.71255,287.42502,285.30936,286.14078,,286.64093,,287.6669,286.22607,287.84668,286.83252
985,286.778,287.58804,285.3795,286.3021,,286.56992,,287.6482,286.10526,287.63806,286.94974
986,286.8643,287.46536,285.1976,286.18045,,286.52856,,287.61295,286.1113,287.47,286.88312
987,286.88034,287.40863,285.23837,286.09128,,286.6683,,287.6153,286.01526,287.47552,286.87482
988,286.99008,287.48126,285.3662,286.14804,,286.82486,,287.64008,286.06366,287.50143,286.85007
989,287.15182,287.36502,285.20215,286.27307,,286.6937,,287.82928,286.1722,287.63153,286.86914
990,287.12506,287.46713,285.20248,286.11426,,286.4363,,287.65765,286.10397,287.6004,287.017
991,286.9809,287.37262,285.4235,286.0431,,286.39368,,287.5157,286.01923,287.5778,286.9774
992,287.002,287.46082,285.60184,286.1302,,286.5598,,287.59348,286.0055,287.5094,286.84152
993,286.98978,287.4167,285.2837,286.1532,,286.76868,,287.54092,285.93732,287.445,286.93045
994,286.90317,287.38943,285.2632,286.14487,,286.51892,,287.52905,286.14792,287.36102,287.13513
995,286.93347,287.397,285.17334,286.13086,,286.46542,,287.45724,286.157,287.4598,287.22736
996,286.85696,287.42776,285.1764,285.9244,,286.59952,,287.5096,286.34412,287.35498,286.98996
997,286.85855,287.3381,285.24683,285.92383,,286.54987,,287.48477,286.1665,287.328,286.77676
998,287.01654,287.41162,285.17303,286.03192,,286.51413,,287.3666,286.19528,287.55008,286.6218
999,286.92923,287.37515,285.2259,286.14145,,286.50555,,287.7054,286.14236,287.84552,286.7447
